visitId,band,ra,dec,mjd,airmass,zenith_angle,tract,patch,patch_str,day_obs,seq_num,time_start,target,simbad_id,spectral_type,V_mag,field
2025071900567,u,35.64625020186547,-4.7600434613369,60876.30773213552,1.9963307790758718,59.939181382439,8524,75,"5,7",20250719,567,2025-07-20T07:23:08.057,"lowdust, DDF XMM_LSS",SDSS J021726.52-050827.3,sdA,19.8700008392334,XMM-LSS
2025071900568,u,35.64629833054623,-4.760043945420385,60876.30826011766,1.9867628370774142,59.779354521264196,8524,75,"5,7",20250719,568,2025-07-20T07:23:53.674,"lowdust, DDF XMM_LSS",SDSS J021726.52-050827.3,sdA,19.8700008392334,XMM-LSS
2025071900569,u,35.6464031971598,-4.759947683686186,60876.30878935894,1.9772544330705355,59.6187283694684,8524,75,"5,7",20250719,569,2025-07-20T07:24:39.401,"lowdust, DDF XMM_LSS",SDSS J021726.52-050827.3,sdA,19.8700008392334,XMM-LSS
2025071900570,u,35.64629657047909,-4.760043026879109,60876.30931754829,1.9678870650913944,59.458704596457196,8524,75,"5,7",20250719,570,2025-07-20T07:25:25.036,"lowdust, DDF XMM_LSS",SDSS J021726.52-050827.3,sdA,19.8700008392334,XMM-LSS
2025071900584,u,35.6461833936766,-4.760036834149218,60876.32159216283,1.7775218165895639,55.7655203525894,8524,75,"5,7",20250719,584,2025-07-20T07:43:05.563,"lowdust, DDF XMM_LSS",SDSS J021726.52-050827.3,sdA,19.8700008392334,XMM-LSS
2025071900585,u,35.646183054384544,-4.760036988453657,60876.3221188467,1.7703856111893246,55.6082150026403,8524,75,"5,7",20250719,585,2025-07-20T07:43:51.068,"lowdust, DDF XMM_LSS",SDSS J021726.52-050827.3,sdA,19.8700008392334,XMM-LSS
2025071900594,u,35.646203953971764,-4.760036487163073,60876.33016475197,1.6701035378227902,53.2184821066122,8524,75,"5,7",20250719,594,2025-07-20T07:55:26.235,"lowdust, DDF XMM_LSS",SDSS J021726.52-050827.3,sdA,19.8700008392334,XMM-LSS
2025071900595,u,35.646319685051594,-4.760034645647793,60876.330693830736,1.6640433617559678,53.0623287133936,8524,75,"5,7",20250719,595,2025-07-20T07:56:11.947,"lowdust, DDF XMM_LSS",SDSS J021726.52-050827.3,sdA,19.8700008392334,XMM-LSS
2025072000498,u,35.58537161573587,-4.6615158415418785,60877.334452787414,1.5947183089774577,51.1657187117603,8524,85,"5,8",20250720,498,2025-07-21T08:01:36.721,"lowdust, DDF XMM_LSS",SDSS J021726.52-050827.3,sdA,19.8700008392334,XMM-LSS
2025072100517,u,35.54934594554484,-4.641855221666821,60878.29687586287,2.0998247601839943,61.560520443095896,8524,85,"5,8",20250721,517,2025-07-22T07:07:30.075,"lowdust, DDF XMM_LSS",SDSS J021726.52-050827.3,sdA,19.8700008392334,XMM-LSS
2025072100518,u,35.54927774448135,-4.64195017977166,60878.2974037393,2.089007155706362,61.3997099963191,8524,85,"5,8",20250721,518,2025-07-22T07:08:15.683,"lowdust, DDF XMM_LSS",SDSS J021726.52-050827.3,sdA,19.8700008392334,XMM-LSS
2025072100519,u,35.54932165135717,-4.641949890628184,60878.29793274356,2.078321122695413,61.2389660889699,8524,85,"5,8",20250721,519,2025-07-22T07:09:01.389,"lowdust, DDF XMM_LSS",SDSS J021726.52-050827.3,sdA,19.8700008392334,XMM-LSS
2025072100520,u,35.54925242786515,-4.6418536340652565,60878.29846182978,2.067753679413436,61.0781246252058,8524,85,"5,8",20250721,520,2025-07-22T07:09:47.102,"lowdust, DDF XMM_LSS",SDSS J021726.52-050827.3,sdA,19.8700008392334,XMM-LSS
2025072100521,u,35.54939372308259,-4.641854501593013,60878.29899087967,2.0573019281257627,60.9171691943841,8524,85,"5,8",20250721,521,2025-07-22T07:10:32.812,"lowdust, DDF XMM_LSS",SDSS J021726.52-050827.3,sdA,19.8700008392334,XMM-LSS
2025072100522,u,35.54929513160058,-4.641854509946074,60878.29951979173,2.0469987337355144,60.7566424641497,8524,85,"5,8",20250721,522,2025-07-22T07:11:18.510,"lowdust, DDF XMM_LSS",SDSS J021726.52-050827.3,sdA,19.8700008392334,XMM-LSS
2025072100523,u,35.54927683775729,-4.64194369043006,60878.30004938599,2.036785211697651,60.5956572412524,8524,85,"5,8",20250721,523,2025-07-22T07:12:04.267,"lowdust, DDF XMM_LSS",SDSS J021726.52-050827.3,sdA,19.8700008392334,XMM-LSS
2025072100544,u,35.54926675476013,-4.641946007387032,60878.31649542134,1.7719552936333567,55.6429500108355,8524,85,"5,8",20250721,544,2025-07-22T07:35:45.204,"lowdust, DDF XMM_LSS",SDSS J021726.52-050827.3,sdA,19.8700008392334,XMM-LSS
2025072100545,u,35.54921187114195,-4.641947250308973,60878.317023542244,1.7648607159226126,55.4853491370415,8524,85,"5,8",20250721,545,2025-07-22T07:36:30.834,"lowdust, DDF XMM_LSS",SDSS J021726.52-050827.3,sdA,19.8700008392334,XMM-LSS
2025072100546,u,35.54947019836769,-4.641850949857329,60878.317552441265,1.7578406520575662,55.3278538411147,8524,85,"5,8",20250721,546,2025-07-22T07:37:16.531,"lowdust, DDF XMM_LSS",SDSS J021726.52-050827.3,sdA,19.8700008392334,XMM-LSS
2025072100547,u,35.5493633278216,-4.641850955358983,60878.318081473,1.750878993259082,55.1701217906503,8524,85,"5,8",20250721,547,2025-07-22T07:38:02.239,"lowdust, DDF XMM_LSS",SDSS J021726.52-050827.3,sdA,19.8700008392334,XMM-LSS
2025072100548,u,35.54922525975926,-4.64194799818216,60878.318610500544,1.743990178817152,55.0124990906753,8524,85,"5,8",20250721,548,2025-07-22T07:38:47.947,"lowdust, DDF XMM_LSS",SDSS J021726.52-050827.3,sdA,19.8700008392334,XMM-LSS
2025072100549,u,35.549311515929396,-4.6419465528449555,60878.319138500374,1.7372030175750395,54.8556788719122,8524,85,"5,8",20250721,549,2025-07-22T07:39:33.566,"lowdust, DDF XMM_LSS",SDSS J021726.52-050827.3,sdA,19.8700008392334,XMM-LSS
2025072100550,u,35.54936341090859,-4.6419486376002945,60878.31966645224,1.7304713702776036,54.6986236870355,8524,85,"5,8",20250721,550,2025-07-22T07:40:19.181,"lowdust, DDF XMM_LSS",SDSS J021726.52-050827.3,sdA,19.8700008392334,XMM-LSS
2025072100551,u,35.549410742158265,-4.641945372078134,60878.32019671006,1.7237876708468627,54.5411678898823,8524,85,"5,8",20250721,551,2025-07-22T07:41:04.996,"lowdust, DDF XMM_LSS",SDSS J021726.52-050827.3,sdA,19.8700008392334,XMM-LSS
2025072800385,u,35.50374259487647,-4.681583122489388,60885.324448029976,1.4851551382581223,47.6753753853402,8524,86,"6,8",20250728,385,2025-07-29T07:47:12.310,"DDF XMM_LSS, lowdust",SDSS J021726.52-050827.3,sdA,19.8700008392334,XMM-LSS
2025072800386,u,35.50372628513175,-4.6815815661850735,60885.32497716043,1.480883540476823,47.5246813893204,8524,86,"6,8",20250728,386,2025-07-29T07:47:58.027,"DDF XMM_LSS, lowdust",SDSS J021726.52-050827.3,sdA,19.8700008392334,XMM-LSS
2025072800387,u,35.50371432623333,-4.681681621280073,60885.32550523849,1.4766657302577355,47.3746695103998,8524,86,"6,8",20250728,387,2025-07-29T07:48:43.653,"DDF XMM_LSS, lowdust",SDSS J021726.52-050827.3,sdA,19.8700008392334,XMM-LSS
2025072800388,u,35.50364332829941,-4.681581052727845,60885.32603431679,1.4724779333261917,47.2245132770866,8524,86,"6,8",20250728,388,2025-07-29T07:49:29.365,"DDF XMM_LSS, lowdust",SDSS J021726.52-050827.3,sdA,19.8700008392334,XMM-LSS
2025072800389,u,35.503717676139296,-4.681682427733892,60885.32656346215,1.4683245661996789,47.0743820049876,8524,86,"6,8",20250728,389,2025-07-29T07:50:15.083,"DDF XMM_LSS, lowdust",SDSS J021726.52-050827.3,sdA,19.8700008392334,XMM-LSS
2025072800390,u,35.50366559827983,-4.68158276509101,60885.32709485572,1.464196460505971,46.9239533518342,8524,86,"6,8",20250728,390,2025-07-29T07:51:00.996,"DDF XMM_LSS, lowdust",SDSS J021726.52-050827.3,sdA,19.8700008392334,XMM-LSS
2025110500301,g,35.696084546656536,-5.1705048512163145,60985.23257122096,1.190879086032018,32.8898776587658,8524,55,"5,5",20251105,301,2025-11-06T05:34:54.153,"ddf_xmm_lss, lowdust",SDSS J021726.52-050827.3,sdA,19.8700008392334,XMM-LSS
2025110500302,g,35.69000585334773,-4.594959838206547,60985.233063952066,1.1986229958576442,33.4579484700601,8524,85,"5,8",20251105,302,2025-11-06T05:35:36.725,"ddf_xmm_lss, lowdust",SDSS J021726.52-050827.3,sdA,19.8700008392334,XMM-LSS
2025110500306,i,35.75539177970375,-5.003139273646695,60985.23787792632,1.2086164396052008,34.1682059452748,8524,64,"4,6",20251105,306,2025-11-06T05:42:32.653,"ddf_xmm_lss, lowdust",SDSS J021726.52-050827.3,sdA,19.8700008392334,XMM-LSS
2025110500307,i,35.35241466312132,-4.8796505776894215,60985.238367215265,1.2153197017080073,34.6310259752061,8524,67,"7,6",20251105,307,2025-11-06T05:43:14.927,"ddf_xmm_lss, lowdust",SDSS J021726.52-050827.3,sdA,19.8700008392334,XMM-LSS
2025110800054,y,35.61088013644376,-5.030468431302647,60988.05960371578,1.3667226250890292,42.9728021490436,8524,65,"5,6",20251108,54,2025-11-09T01:25:49.761,"ddf_xmm_lss, lowdust",SDSS J021726.52-050827.3,sdA,19.8700008392334,XMM-LSS
2025110800055,y,35.610941452738594,-5.030468591563956,60988.060039552394,1.36408495360335,42.8537480675343,8524,65,"5,6",20251108,55,2025-11-09T01:26:27.417,"ddf_xmm_lss, lowdust",SDSS J021726.52-050827.3,sdA,19.8700008392334,XMM-LSS
2025110800056,y,35.63497625470892,-4.441798807152754,60988.06053037988,1.3700966133365517,43.1240391883829,8766,5,"5,0",20251108,56,2025-11-09T01:27:09.825,"ddf_xmm_lss, lowdust",SDSS J021726.52-050827.3,sdA,19.8700008392334,XMM-LSS
2025110800057,y,35.634826122333244,-4.441798468746521,60988.06096733874,1.367448920334258,43.0054571264774,8766,5,"5,0",20251108,57,2025-11-09T01:27:47.578,"ddf_xmm_lss, lowdust",SDSS J021726.52-050827.3,sdA,19.8700008392334,XMM-LSS
2025110800166,z,35.458266774780576,-4.45721968593215,60988.132122581825,1.1299097439574173,27.745224615876502,8766,6,"6,0",20251108,166,2025-11-09T03:10:15.391,"ddf_xmm_lss, lowdust",SDSS J021726.52-050827.3,sdA,19.8700008392334,XMM-LSS
2025110800167,z,35.84819582220413,-5.092868274170915,60988.13261744287,1.1245500496038898,27.2215299491561,8524,54,"4,5",20251108,167,2025-11-09T03:10:58.147,"ddf_xmm_lss, lowdust",SDSS J021726.52-050827.3,sdA,19.8700008392334,XMM-LSS
2025110800170,r,35.493763344445526,-4.898676621537409,60988.136843156535,1.120306887781695,26.796601484265203,8524,66,"6,6",20251108,170,2025-11-09T03:17:03.249,"ddf_xmm_lss, lowdust",SDSS J021726.52-050827.3,sdA,19.8700008392334,XMM-LSS
2025110800171,r,35.493708457940286,-4.8986756863597245,60988.1372791552,1.1198520326135029,26.7504870655998,8524,66,"6,6",20251108,171,2025-11-09T03:17:40.919,"ddf_xmm_lss, lowdust",SDSS J021726.52-050827.3,sdA,19.8700008392334,XMM-LSS
2025110800172,r,35.84632785544,-5.019750031958046,60988.137774344534,1.1192124168470943,26.685452662960003,8524,64,"4,6",20251108,172,2025-11-09T03:18:23.703,"ddf_xmm_lss, lowdust",SDSS J021726.52-050827.3,sdA,19.8700008392334,XMM-LSS
2025110800173,r,35.8464566585255,-5.019811239542982,60988.138212553225,1.1187546690571173,26.6387740229655,8524,64,"4,6",20251108,173,2025-11-09T03:19:01.565,"ddf_xmm_lss, lowdust",SDSS J021726.52-050827.3,sdA,19.8700008392334,XMM-LSS
2025110900311,g,35.35631039210561,-4.726515315502228,60989.20645169169,1.1592226885380952,30.3848977192743,8524,77,"7,7",20251109,311,2025-11-10T04:57:17.426,"ddf_xmm_lss, lowdust",SDSS J021726.52-050827.3,sdA,19.8700008392334,XMM-LSS
2025110900312,g,35.39418382363163,-4.630219582404929,60989.206940889824,1.1610467444831307,30.538066936496897,8524,86,"6,8",20251109,312,2025-11-10T04:57:59.693,"ddf_xmm_lss, lowdust",SDSS J021726.52-050827.3,sdA,19.8700008392334,XMM-LSS
2025110900315,i,35.80929824507399,-4.631545035219193,60989.21150052594,1.168810786267803,31.1771843055842,8524,84,"4,8",20251109,315,2025-11-10T05:04:33.645,"ddf_xmm_lss, lowdust",SDSS J021726.52-050827.3,sdA,19.8700008392334,XMM-LSS
2025110900316,i,35.192753534142085,-4.765842967587195,60989.21198776364,1.172755487161853,31.4942426119365,8524,78,"8,7",20251109,316,2025-11-10T05:05:15.743,"ddf_xmm_lss, lowdust",SDSS J021726.52-050827.3,sdA,19.8700008392334,XMM-LSS
2025110900321,y,35.48099434685176,-4.636555072039514,60989.221564828884,1.1981698826089073,33.4251458118708,8524,86,"6,8",20251109,321,2025-11-10T05:19:03.201,"ddf_xmm_lss, lowdust",SDSS J021726.52-050827.3,sdA,19.8700008392334,XMM-LSS
2025110900322,y,35.66973710255497,-4.824160915115929,60989.22205532668,1.1960196942856607,33.2687551376406,8524,75,"5,7",20251109,322,2025-11-10T05:19:45.580,"ddf_xmm_lss, lowdust",SDSS J021726.52-050827.3,sdA,19.8700008392334,XMM-LSS
2025111100194,g,35.31046680514795,-4.83801486997097,60991.23864104552,1.2821269733912408,38.7436405059546,8524,77,"7,7",20251111,194,2025-11-12T05:43:38.586,"ddf_xmm_lss, lowdust",SDSS J021726.52-050827.3,sdA,19.8700008392334,XMM-LSS
2025111100195,g,35.67011314622428,-4.708973345509667,60991.23913606629,1.2814603249659011,38.7064786232142,8524,75,"5,7",20251111,195,2025-11-12T05:44:21.356,"ddf_xmm_lss, lowdust",SDSS J021726.52-050827.3,sdA,19.8700008392334,XMM-LSS
2025111100213,i,35.6422183337014,-4.574393168197652,60991.253201311454,1.3564754828822725,42.506166196091,8524,85,"5,8",20251111,213,2025-11-12T06:04:36.593,"ddf_xmm_lss, lowdust",SDSS J021726.52-050827.3,sdA,19.8700008392334,XMM-LSS
2025111100214,i,35.75957858853912,-5.157475560495776,60991.253692990635,1.349186273710205,42.1673292501508,8524,54,"4,5",20251111,214,2025-11-12T06:05:19.074,"ddf_xmm_lss, lowdust",SDSS J021726.52-050827.3,sdA,19.8700008392334,XMM-LSS
2025111500095,u,35.713677204387075,-5.062611744586521,60995.08222566545,1.187766169076452,32.6569401944788,8524,54,"4,5",20251115,95,2025-11-16T01:58:24.297,"ddf_xmm_lss, lowdust",SDSS J021726.52-050827.3,sdA,19.8700008392334,XMM-LSS
2025111500096,u,35.515205498417956,-4.744457962623953,60995.08305537561,1.1872800061311952,32.6203167781739,8524,76,"6,7",20251115,96,2025-11-16T01:59:35.984,"ddf_xmm_lss, lowdust",SDSS J021726.52-050827.3,sdA,19.8700008392334,XMM-LSS
2025111500097,u,35.514700585711914,-5.015904643300169,60995.0838918807,1.1820730110457252,32.2238331738507,8524,66,"6,6",20251115,97,2025-11-16T02:00:48.258,"ddf_xmm_lss, lowdust",SDSS J021726.52-050827.3,sdA,19.8700008392334,XMM-LSS
2025111700044,u,35.290305032256896,-4.943967167038157,60997.04761483194,1.2948195456237035,39.4383646838955,8524,67,"7,6",20251117,44,2025-11-18T01:08:33.921,"ddf_xmm_lss, lowdust",SDSS J021726.52-050827.3,sdA,19.8700008392334,XMM-LSS
2025111700045,u,35.247157615280216,-4.664331733484689,60997.04810531717,1.2955092810887243,39.4754362988426,8524,87,"7,8",20251117,45,2025-11-18T01:09:16.299,"ddf_xmm_lss, lowdust",SDSS J021726.52-050827.3,sdA,19.8700008392334,XMM-LSS
2025111700046,u,35.71857902867337,-4.72124002343174,60997.04859924596,1.2986824332303377,39.6451066882707,8524,74,"4,7",20251117,46,2025-11-18T01:09:58.975,"ddf_xmm_lss, lowdust",SDSS J021726.52-050827.3,sdA,19.8700008392334,XMM-LSS
2025111700050,u,35.83712004354158,-5.078062679632561,60997.051340574864,1.2826691178934422,38.7738114141958,8524,54,"4,5",20251117,50,2025-11-18T01:13:55.826,"ddf_xmm_lss, lowdust",SDSS J021726.52-050827.3,sdA,19.8700008392334,XMM-LSS
2025111800204,u,35.42300782023651,-4.650331198082954,60998.21782168327,1.2753807154649741,38.3643676180062,8524,86,"6,8",20251118,204,2025-11-19T05:13:39.793,"ddf_xmm_lss, lowdust",SDSS J021726.52-050827.3,sdA,19.8700008392334,XMM-LSS
2025111800205,u,35.609783032394084,-4.6658349244149955,60998.21832064539,1.2750998160750566,38.3484194127572,8524,85,"5,8",20251118,205,2025-11-19T05:14:22.904,"ddf_xmm_lss, lowdust",SDSS J021726.52-050827.3,sdA,19.8700008392334,XMM-LSS
2025111800206,u,35.32559405064599,-4.599035299135303,60998.21881819703,1.2817192019405903,38.7209177135572,8524,87,"7,8",20251118,206,2025-11-19T05:15:05.892,"ddf_xmm_lss, lowdust",SDSS J021726.52-050827.3,sdA,19.8700008392334,XMM-LSS
2025112200237,u,35.228144666625454,-4.635500860039426,61002.216070857365,1.3222446998590172,40.8618142755783,8524,87,"7,8",20251122,237,2025-11-23T05:11:08.522,"ddf_xmm_lss, lowdust",SDSS J021726.52-050827.3,sdA,19.8700008392334,XMM-LSS
2025112200238,u,35.87420259415486,-4.562995319731475,61002.21656952612,1.316484207182521,40.5711464835001,8524,83,"3,8",20251122,238,2025-11-23T05:11:51.607,"ddf_xmm_lss, lowdust",SDSS J021726.52-050827.3,sdA,19.8700008392334,XMM-LSS
2025112200239,u,35.7395631081229,-4.860386561021821,61002.21706687799,1.317008277339232,40.5977669134418,8524,74,"4,7",20251122,239,2025-11-23T05:12:34.578,"ddf_xmm_lss, lowdust",SDSS J021726.52-050827.3,sdA,19.8700008392334,XMM-LSS
2025112200242,z,35.44093727273299,-5.0843725141427605,61002.22125767823,1.3411737073569956,41.7880008841775,8524,56,"6,5",20251122,242,2025-11-23T05:18:36.663,"ddf_xmm_lss, lowdust",SDSS J021726.52-050827.3,sdA,19.8700008392334,XMM-LSS
2025112200243,r,35.38854750506891,-5.017076098272802,61002.22320183413,1.3541279348027684,42.3976785633048,8524,66,"6,6",20251122,243,2025-11-23T05:21:24.638,"ddf_xmm_lss, lowdust",SDSS J021726.52-050827.3,sdA,19.8700008392334,XMM-LSS
2025112200244,r,35.666558441140815,-4.827562481674042,61002.223702693824,1.355229968838552,42.4486818216336,8524,75,"5,7",20251122,244,2025-11-23T05:22:07.913,"ddf_xmm_lss, lowdust",SDSS J021726.52-050827.3,sdA,19.8700008392334,XMM-LSS
2025112200245,z,35.64967619614452,-5.188308816496289,61002.2257066844,1.3622753827206733,42.7716494064272,8524,55,"5,5",20251122,245,2025-11-23T05:25:01.058,"ddf_xmm_lss, lowdust",SDSS J021726.52-050827.3,sdA,19.8700008392334,XMM-LSS
2025112600190,i,35.39452157816104,-4.619201001419042,61006.14943934092,1.139703413071152,28.667161385071402,8524,86,"6,8",20251126,190,2025-11-27T03:35:11.559,"ddf_xmm_lss, lowdust",SDSS J021726.52-050827.3,sdA,19.8700008392334,XMM-LSS
2025112600216,i,35.78897763795858,-4.478539787132804,61006.173985327594,1.1936881393080279,33.0977934593333,8524,94,"4,9",20251126,216,2025-11-27T04:10:32.332,"ddf_xmm_lss, lowdust",SDSS J021726.52-050827.3,sdA,19.8700008392334,XMM-LSS
2025112600217,i,35.78092335426018,-4.816200351934909,61006.17447076924,1.1914848948805228,32.9348989138712,8524,74,"4,7",20251126,217,2025-11-27T04:11:14.274,"ddf_xmm_lss, lowdust",SDSS J021726.52-050827.3,sdA,19.8700008392334,XMM-LSS
2025112600266,i,35.78905791009054,-4.478511617493982,61006.20740607148,1.3281298784419087,41.154442750585,8524,94,"4,9",20251126,266,2025-11-27T04:58:39.885,"ddf_xmm_lss, lowdust",SDSS J021726.52-050827.3,sdA,19.8700008392334,XMM-LSS
2025112600267,i,35.78094369509528,-4.816175800255674,61006.20789162163,1.3262375743560653,41.0608220087496,8524,74,"4,7",20251126,267,2025-11-27T04:59:21.836,"ddf_xmm_lss, lowdust",SDSS J021726.52-050827.3,sdA,19.8700008392334,XMM-LSS
2025112600268,i,35.65201153504653,-4.460640279156442,61006.208427095786,1.3359608618163683,41.5372368551467,8766,5,"5,0",20251126,268,2025-11-27T05:00:08.101,"ddf_xmm_lss, lowdust",SDSS J021726.52-050827.3,sdA,19.8700008392334,XMM-LSS
2025112600269,i,35.3944512276109,-4.619152981281172,61006.2089180327,1.3404153430554058,41.751717277753,8524,86,"6,8",20251126,269,2025-11-27T05:00:50.518,"ddf_xmm_lss, lowdust",SDSS J021726.52-050827.3,sdA,19.8700008392334,XMM-LSS
2025112700034,i,35.73355878575999,-4.745575389456328,61007.076732221525,1.1326559107090286,28.0081673853651,8524,74,"4,7",20251127,34,2025-11-28T01:50:29.664,"ddf_xmm_lss, lowdust",SDSS J021726.52-050827.3,sdA,19.8700008392334,XMM-LSS
2025112700035,i,35.49421434467349,-5.159625140420491,61007.07722537732,1.1270410966633957,27.4666947783463,8524,56,"6,5",20251127,35,2025-11-28T01:51:12.273,"ddf_xmm_lss, lowdust",SDSS J021726.52-050827.3,sdA,19.8700008392334,XMM-LSS
2025112800037,i,35.797275464494085,-4.606437953499157,61008.05747223599,1.165278403323314,30.888939945652403,8524,84,"4,8",20251128,37,2025-11-29T01:22:45.601,"ddf_xmm_lss, lowdust",SDSS J021726.52-050827.3,sdA,19.8700008392334,XMM-LSS
2025112800038,i,35.41044273726499,-4.485656739176882,61008.05795348901,1.1630361122691186,30.703786484088297,8524,96,"6,9",20251128,38,2025-11-29T01:23:27.181,"ddf_xmm_lss, lowdust",SDSS J021726.52-050827.3,sdA,19.8700008392334,XMM-LSS
2025112800152,i,35.093798813748094,-5.0237769657380955,61008.12150161993,1.1112039513528056,25.851814960122,8524,68,"8,6",20251128,152,2025-11-29T02:54:57.740,"ddf_xmm_lss, lowdust",SDSS J021726.52-050827.3,sdA,19.8700008392334,XMM-LSS
2025112900036,z,35.606701583221515,-5.12649143706818,61009.0503971423,1.1689974299278445,31.1922996041367,8524,55,"5,5",20251129,36,2025-11-30T01:12:34.313,"lowdust, ddf_xmm_lss",SDSS J021726.52-050827.3,sdA,19.8700008392334,XMM-LSS
2025112900037,z,35.83078185895826,-4.764608288380085,61009.05088041024,1.1730839725036253,31.5204199983948,8524,74,"4,7",20251129,37,2025-11-30T01:13:16.067,"lowdust, ddf_xmm_lss",SDSS J021726.52-050827.3,sdA,19.8700008392334,XMM-LSS
2025112900044,z,35.66257564766995,-4.932715968713856,61009.057880883105,1.1542309120460696,29.959597491238704,8524,65,"5,6",20251129,44,2025-11-30T01:23:20.908,"lowdust, ddf_xmm_lss",SDSS J021726.52-050827.3,sdA,19.8700008392334,XMM-LSS
2025112900045,z,35.6334357277622,-4.867341800918761,61009.05836293567,1.153717656492116,29.9153472136206,8524,75,"5,7",20251129,45,2025-11-30T01:24:02.558,"lowdust, ddf_xmm_lss",SDSS J021726.52-050827.3,sdA,19.8700008392334,XMM-LSS
2025121400758,i,35.75684067975977,-5.103740652549636,61024.13271866832,1.2115887338832836,34.3747316687579,8524,54,"4,5",20251214,758,2025-12-15T03:11:06.893,"ddf_xmm_lss, lowdust",SDSS J021726.52-050827.3,sdA,19.8700008392334,XMM-LSS
2025121400759,i,35.36818427398093,-4.942808719206762,61024.133214848116,1.2187306400368472,34.8625314876768,8524,66,"6,6",20251214,759,2025-12-15T03:11:49.763,"ddf_xmm_lss, lowdust",SDSS J021726.52-050827.3,sdA,19.8700008392334,XMM-LSS
2025121400760,i,35.62712172714598,-4.497847694805629,61024.13371604169,1.2230547513972398,35.1522624921307,8524,95,"5,9",20251214,760,2025-12-15T03:12:33.066,"ddf_xmm_lss, lowdust",SDSS J021726.52-050827.3,sdA,19.8700008392334,XMM-LSS
2025121400772,i,35.75686450828058,-5.103744753944378,61024.14147984097,1.2433377014346614,36.4585740670689,8524,54,"4,5",20251214,772,2025-12-15T03:23:43.858,"ddf_xmm_lss, lowdust",SDSS J021726.52-050827.3,sdA,19.8700008392334,XMM-LSS
2025121400773,i,35.368156670481696,-4.942812502494902,61024.14197614044,1.2515257518031544,36.9629303829323,8524,66,"6,6",20251214,773,2025-12-15T03:24:26.739,"ddf_xmm_lss, lowdust",SDSS J021726.52-050827.3,sdA,19.8700008392334,XMM-LSS
2025121400774,i,35.627232540317024,-4.497851258007492,61024.142474865075,1.2560065648531298,37.2336987775418,8524,95,"5,9",20251214,774,2025-12-15T03:25:09.828,"ddf_xmm_lss, lowdust",SDSS J021726.52-050827.3,sdA,19.8700008392334,XMM-LSS
2025121400775,i,35.58026192702987,-5.202067206372185,61024.14297026396,1.2500956603606999,36.8757431314933,8524,55,"5,5",20251214,775,2025-12-15T03:25:52.631,"ddf_xmm_lss, lowdust",SDSS J021726.52-050827.3,sdA,19.8700008392334,XMM-LSS
2025121400779,i,35.7568683768533,-5.103746273212741,61024.14519391721,1.2584230249540134,37.3782294965768,8524,54,"4,5",20251214,779,2025-12-15T03:29:04.754,"ddf_xmm_lss, lowdust",SDSS J021726.52-050827.3,sdA,19.8700008392334,XMM-LSS
2025121400780,i,35.36809740428751,-4.942814248776468,61024.14569051936,1.2670979579527826,37.8887237737006,8524,66,"6,6",20251214,780,2025-12-15T03:29:47.661,"ddf_xmm_lss, lowdust",SDSS J021726.52-050827.3,sdA,19.8700008392334,XMM-LSS
2025121400781,i,35.627357392205546,-4.497855754291176,61024.146190712694,1.27166928038352,38.1526229453278,8524,95,"5,9",20251214,781,2025-12-15T03:30:30.878,"ddf_xmm_lss, lowdust",SDSS J021726.52-050827.3,sdA,19.8700008392334,XMM-LSS
2025121600056,i,35.723105469716764,-5.1758257922580295,61026.19045536313,1.60089215766319,51.3433726335697,8524,54,"4,5",20251216,56,2025-12-17T04:34:15.343,"ddf_xmm_lss, lowdust",SDSS J021726.52-050827.3,sdA,19.8700008392334,XMM-LSS
2025121600057,i,35.48863153001867,-4.8222122039863695,61026.19095379673,1.6200763055091902,51.8840530322325,8524,76,"6,7",20251216,57,2025-12-17T04:34:58.408,"ddf_xmm_lss, lowdust",SDSS J021726.52-050827.3,sdA,19.8700008392334,XMM-LSS
2025121600058,i,35.59810163550133,-4.93576451975289,61026.19145350903,1.6197949136635357,51.8762436299696,8524,65,"5,6",20251216,58,2025-12-17T04:35:41.583,"ddf_xmm_lss, lowdust",SDSS J021726.52-050827.3,sdA,19.8700008392334,XMM-LSS
2025121600079,i,35.3084947796067,-4.948524980689435,61026.20724050887,1.826448547143488,56.8036009628639,8524,67,"7,6",20251216,79,2025-12-17T04:58:25.580,"ddf_xmm_lss, lowdust",SDSS J021726.52-050827.3,sdA,19.8700008392334,XMM-LSS
2025121600080,i,35.211186233623465,-4.882338821522933,61026.20774247777,1.8396098467658077,57.071397684572,8524,67,"7,6",20251216,80,2025-12-17T04:59:08.950,"ddf_xmm_lss, lowdust",SDSS J021726.52-050827.3,sdA,19.8700008392334,XMM-LSS
2025121600081,i,35.59827060601141,-5.076168256632751,61026.20824519452,1.8259900983147335,56.7941883548543,8524,55,"5,5",20251216,81,2025-12-17T04:59:52.385,"ddf_xmm_lss, lowdust",SDSS J021726.52-050827.3,sdA,19.8700008392334,XMM-LSS
2025121600082,i,35.72307785067681,-5.175833036698543,61026.20874782791,1.8256331485102257,56.7868556919415,8524,54,"4,5",20251216,82,2025-12-17T05:00:35.812,"ddf_xmm_lss, lowdust",SDSS J021726.52-050827.3,sdA,19.8700008392334,XMM-LSS
2025121600083,i,35.488601798435816,-4.822123903891492,61026.20925028343,1.8523582181800673,57.3264094522438,8524,76,"6,7",20251216,83,2025-12-17T05:01:19.224,"ddf_xmm_lss, lowdust",SDSS J021726.52-050827.3,sdA,19.8700008392334,XMM-LSS
2025121600084,i,35.59821457499583,-4.9357710258002205,61026.20975985471,1.8523582112451282,57.3264093146727,8524,65,"5,6",20251216,84,2025-12-17T05:02:03.251,"ddf_xmm_lss, lowdust",SDSS J021726.52-050827.3,sdA,19.8700008392334,XMM-LSS
2025121600085,i,35.59382272411883,-4.8768118701514025,61026.210260426626,1.8618226913720428,57.5130109367308,8524,65,"5,6",20251216,85,2025-12-17T05:02:46.501,"ddf_xmm_lss, lowdust",SDSS J021726.52-050827.3,sdA,19.8700008392334,XMM-LSS
2025122400052,g,35.451374229701706,-5.139755144950432,61034.15557919862,1.4884516601182909,47.7908346401314,8524,56,"6,5",20251224,52,2025-12-25T03:44:02.043,"lowdust, ddf_xmm_lss",SDSS J021726.52-050827.3,sdA,19.8700008392334,XMM-LSS
2025122400053,g,35.76767217664131,-4.818645712074199,61034.15607878333,1.4908988181019303,47.8760795175536,8524,74,"4,7",20251224,53,2025-12-25T03:44:45.207,"lowdust, ddf_xmm_lss",SDSS J021726.52-050827.3,sdA,19.8700008392334,XMM-LSS
2025122400054,g,35.61148318713108,-5.114610544398024,61034.15657998249,1.493489626723201,47.965899747186,8524,55,"5,5",20251224,54,2025-12-25T03:45:28.510,"lowdust, ddf_xmm_lss",SDSS J021726.52-050827.3,sdA,19.8700008392334,XMM-LSS
2025122400055,g,35.92550140024301,-4.7921808070532315,61034.15730517218,1.498056822608347,48.1231765670095,8524,73,"3,7",20251224,55,2025-12-25T03:46:31.167,"lowdust, ddf_xmm_lss",SDSS J021726.52-050827.3,sdA,19.8700008392334,XMM-LSS
2026010100040,i,35.351495897731766,-4.717697235240354,61042.10255678976,1.2976756930489117,39.5914313023526,8524,77,"7,7",20260101,40,2026-01-02T02:27:40.907,"lowdust, ddf_xmm_lss",SDSS J021726.52-050827.3,sdA,19.8700008392334,XMM-LSS
2026010100041,i,35.90444184001477,-4.822291686259537,61042.10305638285,1.2913785135643876,39.2523856769576,8524,73,"3,7",20260101,41,2026-01-02T02:28:24.071,"lowdust, ddf_xmm_lss",SDSS J021726.52-050827.3,sdA,19.8700008392334,XMM-LSS
2026010100042,i,35.91548922704026,-4.82061876256552,61042.10355372727,1.293631891782545,39.3743699192948,8524,73,"3,7",20260101,42,2026-01-02T02:29:07.042,"lowdust, ddf_xmm_lss",SDSS J021726.52-050827.3,sdA,19.8700008392334,XMM-LSS
2026010100043,i,35.79436153166294,-4.890684142239273,61042.10405195644,1.2967607237567509,39.5425235743368,8524,64,"4,6",20260101,43,2026-01-02T02:29:50.089,"lowdust, ddf_xmm_lss",SDSS J021726.52-050827.3,sdA,19.8700008392334,XMM-LSS
2026010200044,g,35.62687905344986,-5.0763195981182845,61043.06400533719,1.1649797045001635,30.864374280379103,8524,55,"5,5",20260102,44,2026-01-03T01:32:10.061,"lowdust, ddf_xmm_lss",SDSS J021726.52-050827.3,sdA,19.8700008392334,XMM-LSS
2026010200045,g,35.52826806572792,-4.620708558029295,61043.06450226158,1.1715436602687255,31.3973739639421,8524,86,"6,8",20260102,45,2026-01-03T01:32:52.995,"lowdust, ddf_xmm_lss",SDSS J021726.52-050827.3,sdA,19.8700008392334,XMM-LSS
2026010200051,i,35.24584419340626,-4.844826961645252,61043.0743878521,1.1983058690159754,33.4349959979824,8524,77,"7,7",20260102,51,2026-01-03T01:47:07.110,"lowdust, ddf_xmm_lss",SDSS J021726.52-050827.3,sdA,19.8700008392334,XMM-LSS
2026010200053,i,35.570496476531495,-5.191088653171744,61043.07631955808,1.1976626470495373,33.3883617511172,8524,55,"5,5",20260102,53,2026-01-03T01:49:54.010,"lowdust, ddf_xmm_lss",SDSS J021726.52-050827.3,sdA,19.8700008392334,XMM-LSS
2026010300679,y,35.51457111596082,-4.749636890454639,61044.12365815509,1.457084009857853,46.6618938749793,8524,76,"6,7",20260103,679,2026-01-04T02:58:04.065,"lowdust, ddf_xmm_lss",SDSS J021726.52-050827.3,sdA,19.8700008392334,XMM-LSS
2026010300680,y,35.55445679197832,-4.727715504153484,61044.124155649915,1.4604224757905202,46.7853583689105,8524,75,"5,7",20260103,680,2026-01-04T02:58:47.048,"lowdust, ddf_xmm_lss",SDSS J021726.52-050827.3,sdA,19.8700008392334,XMM-LSS
2026010300687,r,35.7042115841352,-4.449411580858284,61044.129428419285,1.5043069565436953,48.3362417808878,8766,4,"4,0",20260103,687,2026-01-04T03:06:22.615,"lowdust, ddf_xmm_lss",SDSS J021726.52-050827.3,sdA,19.8700008392334,XMM-LSS
2026010300688,r,35.31749365020433,-4.8250768658347365,61044.12993200449,1.5109811049515065,48.5610498152767,8524,77,"7,7",20260103,688,2026-01-04T03:07:06.125,"lowdust, ddf_xmm_lss",SDSS J021726.52-050827.3,sdA,19.8700008392334,XMM-LSS
2026010300705,z,35.704340843144685,-4.449388455758661,61044.14143218333,1.6173252286169073,51.8075504449278,8766,4,"4,0",20260103,705,2026-01-04T03:23:39.741,"lowdust, ddf_xmm_lss",SDSS J021726.52-050827.3,sdA,19.8700008392334,XMM-LSS
2026010300706,z,35.317387514089,-4.825152915133578,61044.14193148073,1.6261260319294695,52.0510962477499,8524,77,"7,7",20260103,706,2026-01-04T03:24:22.880,"lowdust, ddf_xmm_lss",SDSS J021726.52-050827.3,sdA,19.8700008392334,XMM-LSS
2026010400105,i,35.805964767450426,-4.8377232776018175,61045.06869121641,1.1930588789936123,33.0514037134746,8524,74,"4,7",20260104,105,2026-01-05T01:38:54.921,"lowdust, ddf_xmm_lss",SDSS J021726.52-050827.3,sdA,19.8700008392334,XMM-LSS
2026010400106,i,35.36961358938784,-5.023337779373446,61045.06918582972,1.196133769115247,33.2770826759789,8524,66,"6,6",20260104,106,2026-01-05T01:39:37.656,"lowdust, ddf_xmm_lss",SDSS J021726.52-050827.3,sdA,19.8700008392334,XMM-LSS
2026010400113,g,35.66453404116926,-4.777876250016927,61045.07473532669,1.2138454293169951,34.5301399355237,8524,75,"5,7",20260104,113,2026-01-05T01:47:37.132,"lowdust, ddf_xmm_lss",SDSS J021726.52-050827.3,sdA,19.8700008392334,XMM-LSS
2026010400114,g,35.41680376713762,-4.47156742457934,61045.0752333221,1.2213328599363142,35.0373856329723,8524,96,"6,9",20260104,114,2026-01-05T01:48:20.159,"lowdust, ddf_xmm_lss",SDSS J021726.52-050827.3,sdA,19.8700008392334,XMM-LSS
2026010400129,y,35.66461036945597,-4.77787732960877,61045.08635574486,1.2571171122309965,37.3002500847325,8524,75,"5,7",20260104,129,2026-01-05T02:04:21.136,"lowdust, ddf_xmm_lss",SDSS J021726.52-050827.3,sdA,19.8700008392334,XMM-LSS
2026010400130,y,35.416709511663505,-4.471566009077659,61045.0868510087,1.265832972116779,37.8150826526395,8524,96,"6,9",20260104,130,2026-01-05T02:05:03.927,"lowdust, ddf_xmm_lss",SDSS J021726.52-050827.3,sdA,19.8700008392334,XMM-LSS
2026010500044,r,35.424099752474774,-4.665122815158029,61046.14102896815,1.6772409444856284,53.4005434777741,8524,86,"6,8",20260105,44,2026-01-06T03:23:04.903,"ddf_xmm_lss, lowdust",SDSS J021726.52-050827.3,sdA,19.8700008392334,XMM-LSS
2026010500045,r,35.60639340821792,-4.590694188080204,61046.14153313311,1.6788966383170838,53.4424947706797,8524,85,"5,8",20260105,45,2026-01-06T03:23:48.463,"ddf_xmm_lss, lowdust",SDSS J021726.52-050827.3,sdA,19.8700008392334,XMM-LSS
2026010500052,y,35.52730273098624,-4.552555428325389,61046.14666806022,1.745592711698729,55.0493047157487,8524,86,"6,8",20260105,52,2026-01-06T03:31:12.120,"ddf_xmm_lss, lowdust",SDSS J021726.52-050827.3,sdA,19.8700008392334,XMM-LSS
2026010500053,y,35.827232803892976,-4.74698852145461,61046.14717126265,1.7366420467380321,54.8426489948967,8524,74,"4,7",20260105,53,2026-01-06T03:31:55.597,"ddf_xmm_lss, lowdust",SDSS J021726.52-050827.3,sdA,19.8700008392334,XMM-LSS
2026010500060,z,35.889134521215595,-4.720874984609018,61046.1520377174,1.800437515812822,56.2603137132956,8524,73,"3,7",20260105,60,2026-01-06T03:38:56.059,"ddf_xmm_lss, lowdust",SDSS J021726.52-050827.3,sdA,19.8700008392334,XMM-LSS
2026010500061,z,35.266204833305295,-4.852142608115792,61046.15253972635,1.829038346278998,56.856665691446,8524,77,"7,7",20260105,61,2026-01-06T03:39:39.432,"ddf_xmm_lss, lowdust",SDSS J021726.52-050827.3,sdA,19.8700008392334,XMM-LSS
2026010600044,g,35.650909999291905,-4.779742514075688,61047.14410096314,1.7377934712872378,54.8693822208486,8524,75,"5,7",20260106,44,2026-01-07T03:27:30.323,"ddf_xmm_lss, lowdust",SDSS J021726.52-050827.3,sdA,19.8700008392334,XMM-LSS
2026010600045,g,35.442803101503955,-4.948031474267915,61047.144602952525,1.7476849174414877,55.097230377688,8524,66,"6,6",20260106,45,2026-01-07T03:28:13.695,"ddf_xmm_lss, lowdust",SDSS J021726.52-050827.3,sdA,19.8700008392334,XMM-LSS
2026010600052,i,35.79305194533754,-4.65345243944153,61047.149793193676,1.8130297033554033,56.5256963624528,8524,84,"4,8",20260106,52,2026-01-07T03:35:42.132,"ddf_xmm_lss, lowdust",SDSS J021726.52-050827.3,sdA,19.8700008392334,XMM-LSS
2026010600053,i,35.420589231273595,-4.7524874593479005,61047.15030447533,1.8328733666685517,56.9349108844793,8524,76,"6,7",20260106,53,2026-01-07T03:36:26.307,"ddf_xmm_lss, lowdust",SDSS J021726.52-050827.3,sdA,19.8700008392334,XMM-LSS
2026010700034,y,35.421527355717046,-4.724751884426258,61048.087131075095,1.3012325241721479,39.7804263697126,8524,76,"6,7",20260107,34,2026-01-08T02:05:28.125,"ddf_xmm_lss, lowdust",SDSS J021726.52-050827.3,sdA,19.8700008392334,XMM-LSS
2026010700035,y,35.72490206700486,-4.664519519332699,61048.08763634227,1.3003777183680165,39.7351683548312,8524,84,"4,8",20260107,35,2026-01-08T02:06:11.780,"ddf_xmm_lss, lowdust",SDSS J021726.52-050827.3,sdA,19.8700008392334,XMM-LSS
2026010700044,r,35.287621221844056,-5.019915126642796,61048.093934561126,1.3347670741411322,41.479358674742,8524,67,"7,6",20260107,44,2026-01-08T02:15:15.946,"ddf_xmm_lss, lowdust",SDSS J021726.52-050827.3,sdA,19.8700008392334,XMM-LSS
2026010700045,r,35.40653389281282,-4.738875389521083,61048.09443287272,1.3395848696248978,41.7119069078493,8524,76,"6,7",20260107,45,2026-01-08T02:15:59.000,"ddf_xmm_lss, lowdust",SDSS J021726.52-050827.3,sdA,19.8700008392334,XMM-LSS
2026010700058,z,35.42133094003215,-4.724755958591711,61048.10492939502,1.4036183443633503,44.5658536352069,8524,76,"6,7",20260107,58,2026-01-08T02:31:05.900,"ddf_xmm_lss, lowdust",SDSS J021726.52-050827.3,sdA,19.8700008392334,XMM-LSS
2026010700059,z,35.421453096909914,-4.724753912040711,61048.105329207145,1.4062932490639546,44.6763917361579,8524,76,"6,7",20260107,59,2026-01-08T02:31:40.443,"ddf_xmm_lss, lowdust",SDSS J021726.52-050827.3,sdA,19.8700008392334,XMM-LSS
2026010700060,z,35.42146901280436,-4.724753986437178,61048.10572814522,1.4089944770869554,44.7873745144606,8524,76,"6,7",20260107,60,2026-01-08T02:32:14.912,"ddf_xmm_lss, lowdust",SDSS J021726.52-050827.3,sdA,19.8700008392334,XMM-LSS
2026010700061,z,35.42142488805783,-4.724655345860834,61048.10612809425,1.4117146138797005,44.8984878212623,8524,76,"6,7",20260107,61,2026-01-08T02:32:49.467,"ddf_xmm_lss, lowdust",SDSS J021726.52-050827.3,sdA,19.8700008392334,XMM-LSS
2026010700062,z,35.421448384175854,-4.724755689775319,61048.10652458388,1.414429865590061,45.008761349216,8524,76,"6,7",20260107,62,2026-01-08T02:33:23.724,"ddf_xmm_lss, lowdust",SDSS J021726.52-050827.3,sdA,19.8700008392334,XMM-LSS
2026010700063,z,35.72489441064399,-4.664522241316125,61048.10702776397,1.4130436572797154,44.9525432897775,8524,84,"4,8",20260107,63,2026-01-08T02:34:07.199,"ddf_xmm_lss, lowdust",SDSS J021726.52-050827.3,sdA,19.8700008392334,XMM-LSS
2026010800061,g,35.482314116024185,-4.995542005907907,61049.091978362296,1.336312229334519,41.5542398900917,8524,66,"6,6",20260108,61,2026-01-09T02:12:26.931,"ddf_xmm_lss, lowdust",SDSS J021726.52-050827.3,sdA,19.8700008392334,XMM-LSS
2026010800062,g,35.30479062803903,-5.0909013776916225,61049.09247128945,1.3405068317565576,41.7560980576288,8524,57,"7,5",20260108,62,2026-01-09T02:13:09.519,"ddf_xmm_lss, lowdust",SDSS J021726.52-050827.3,sdA,19.8700008392334,XMM-LSS
2026010800069,i,35.716593526930325,-4.666808483923181,61049.09761607926,1.3699637149825166,43.118104244628,8524,84,"4,8",20260108,69,2026-01-09T02:20:34.029,"ddf_xmm_lss, lowdust",SDSS J021726.52-050827.3,sdA,19.8700008392334,XMM-LSS
2026010800070,i,35.22309233333764,-4.874594535290912,61049.09811042668,1.3784312888855572,43.4926766305261,8524,67,"7,6",20260108,70,2026-01-09T02:21:16.741,"ddf_xmm_lss, lowdust",SDSS J021726.52-050827.3,sdA,19.8700008392334,XMM-LSS
2026010800085,y,35.31741234062787,-4.79127425617818,61049.110059769824,1.4610796832343647,46.8095676515387,8524,77,"7,7",20260108,85,2026-01-09T02:38:29.164,"ddf_xmm_lss, lowdust",SDSS J021726.52-050827.3,sdA,19.8700008392334,XMM-LSS
2026010800086,y,35.31733607903948,-4.791173455925859,61049.11045606341,1.4641370543791445,46.9217796935821,8524,77,"7,7",20260108,86,2026-01-09T02:39:03.404,"ddf_xmm_lss, lowdust",SDSS J021726.52-050827.3,sdA,19.8700008392334,XMM-LSS
2026010800087,y,35.317480472869775,-4.791277001699881,61049.11085209297,1.4672202027275567,47.0342578166136,8524,77,"7,7",20260108,87,2026-01-09T02:39:37.621,"ddf_xmm_lss, lowdust",SDSS J021726.52-050827.3,sdA,19.8700008392334,XMM-LSS
2026010800088,y,35.31726297464319,-4.79117616224019,61049.11124787154,1.4703205948110947,47.1466836335331,8524,77,"7,7",20260108,88,2026-01-09T02:40:11.816,"ddf_xmm_lss, lowdust",SDSS J021726.52-050827.3,sdA,19.8700008392334,XMM-LSS
2026010800089,y,35.317518785250066,-4.791175217641923,61049.11164401518,1.473438084723625,47.259047718076,8524,77,"7,7",20260108,89,2026-01-09T02:40:46.043,"ddf_xmm_lss, lowdust",SDSS J021726.52-050827.3,sdA,19.8700008392334,XMM-LSS
2026010800090,y,35.75618750564052,-5.068936921283436,61049.112139224075,1.4631045863361067,46.8839613586858,8524,54,"4,5",20260108,90,2026-01-09T02:41:28.829,"ddf_xmm_lss, lowdust",SDSS J021726.52-050827.3,sdA,19.8700008392334,XMM-LSS
2026010900036,r,35.835041190287704,-5.109545817480362,61050.089643768035,1.3314949917388004,41.3198445692481,8524,54,"4,5",20260109,36,2026-01-10T02:09:05.222,"ddf_xmm_lss, lowdust",SDSS J021726.52-050827.3,sdA,19.8700008392334,XMM-LSS
2026010900037,r,35.541157755222244,-5.177632003433522,61050.0901081576,1.3376507293503066,41.6188775057776,8524,55,"5,5",20260109,37,2026-01-10T02:09:45.345,"ddf_xmm_lss, lowdust",SDSS J021726.52-050827.3,sdA,19.8700008392334,XMM-LSS
2026010900050,z,35.691436050074515,-4.8105107496477,61050.09929312533,1.396146191714063,44.2536597824566,8524,75,"5,7",20260109,50,2026-01-10T02:22:58.926,"ddf_xmm_lss, lowdust",SDSS J021726.52-050827.3,sdA,19.8700008392334,XMM-LSS
2026010900051,z,35.51274756061323,-4.9470615167624725,61050.099758931436,1.4004191175958498,44.4328069515121,8524,66,"6,6",20260109,51,2026-01-10T02:23:39.172,"ddf_xmm_lss, lowdust",SDSS J021726.52-050827.3,sdA,19.8700008392334,XMM-LSS
2026011000059,i,35.6274589977854,-4.628903587328217,61051.062235311605,1.2294057097166429,35.5704248349392,8524,85,"5,8",20260110,59,2026-01-11T01:29:37.131,"ddf_xmm_lss, lowdust",SDSS J021726.52-050827.3,sdA,19.8700008392334,XMM-LSS
2026011000060,i,35.590778649203735,-4.816344341364555,61051.06270253705,1.2292974127220189,35.5633661659973,8524,75,"5,7",20260110,60,2026-01-11T01:30:17.499,"ddf_xmm_lss, lowdust",SDSS J021726.52-050827.3,sdA,19.8700008392334,XMM-LSS
2026011000067,g,35.51818074359085,-4.69888973358732,61051.06800407218,1.251632402818541,36.9694174512854,8524,86,"6,8",20260110,67,2026-01-11T01:37:55.552,"ddf_xmm_lss, lowdust",SDSS J021726.52-050827.3,sdA,19.8700008392334,XMM-LSS
2026011000068,g,35.85443798756293,-4.878189743188562,61051.06846822379,1.247617769267684,36.7237798510887,8524,64,"4,6",20260110,68,2026-01-11T01:38:35.655,"ddf_xmm_lss, lowdust",SDSS J021726.52-050827.3,sdA,19.8700008392334,XMM-LSS
2026011000083,y,35.38817258907901,-4.642195281787745,61051.0805554837,1.3108445571032261,40.2824013319255,8524,86,"6,8",20260110,83,2026-01-11T01:55:59.994,"ddf_xmm_lss, lowdust",SDSS J021726.52-050827.3,sdA,19.8700008392334,XMM-LSS
2026011000084,y,35.38792756776457,-4.64219570301364,61051.08095057495,1.312851188602767,40.385619624923,8524,86,"6,8",20260110,84,2026-01-11T01:56:34.130,"ddf_xmm_lss, lowdust",SDSS J021726.52-050827.3,sdA,19.8700008392334,XMM-LSS
2026011000085,y,35.387864368177524,-4.642196006338405,61051.08134630136,1.314874612020855,40.4891627973173,8524,86,"6,8",20260110,85,2026-01-11T01:57:08.320,"ddf_xmm_lss, lowdust",SDSS J021726.52-050827.3,sdA,19.8700008392334,XMM-LSS
2026011000086,y,35.387921435073444,-4.642196905546922,61051.081744414754,1.3169240333337946,40.5934900957667,8524,86,"6,8",20260110,86,2026-01-11T01:57:42.717,"ddf_xmm_lss, lowdust",SDSS J021726.52-050827.3,sdA,19.8700008392334,XMM-LSS
2026011000087,y,35.38792330856845,-4.642195571629934,61051.082140713,1.318984703729494,40.6978411596202,8524,86,"6,8",20260110,87,2026-01-11T01:58:16.958,"ddf_xmm_lss, lowdust",SDSS J021726.52-050827.3,sdA,19.8700008392334,XMM-LSS
2026011000088,y,35.54720289028225,-4.9894427267693855,61051.0826070481,1.3144709078970551,40.468547300047,8524,65,"5,6",20260110,88,2026-01-11T01:58:57.249,"ddf_xmm_lss, lowdust",SDSS J021726.52-050827.3,sdA,19.8700008392334,XMM-LSS
2026011300050,u,35.36235406334414,-4.806744892446528,61054.13097080635,1.8304332496044509,56.8851716466955,8524,77,"7,7",20260113,50,2026-01-14T03:08:35.878,"ddf_xmm_lss, lowdust",SDSS J021726.52-050827.3,sdA,19.8700008392334,XMM-LSS
2026011300051,u,35.36238465281028,-4.806746367144481,61054.131458471995,1.837645740252597,57.0317283247609,8524,77,"7,7",20260113,51,2026-01-14T03:09:18.012,"ddf_xmm_lss, lowdust",SDSS J021726.52-050827.3,sdA,19.8700008392334,XMM-LSS
2026011300052,u,35.362379956632694,-4.806745367277265,61054.13260410726,1.854875978730356,57.3762735472118,8524,77,"7,7",20260113,52,2026-01-14T03:10:56.995,"ddf_xmm_lss, lowdust",SDSS J021726.52-050827.3,sdA,19.8700008392334,XMM-LSS
2026011300053,u,35.362425712840476,-4.8067433396680705,61054.13309180923,1.8623374902189744,57.5230952691911,8524,77,"7,7",20260113,53,2026-01-14T03:11:39.132,"ddf_xmm_lss, lowdust",SDSS J021726.52-050827.3,sdA,19.8700008392334,XMM-LSS
2026011300054,u,35.36243973304527,-4.806744785695471,61054.13412981061,1.8784728468039562,57.8358080807977,8524,77,"7,7",20260113,54,2026-01-14T03:13:08.816,"ddf_xmm_lss, lowdust",SDSS J021726.52-050827.3,sdA,19.8700008392334,XMM-LSS
2026011300055,u,35.5148065298259,-4.641298438767906,61054.134692474734,1.8854344341852027,57.9687487617424,8524,86,"6,8",20260113,55,2026-01-14T03:13:57.430,"ddf_xmm_lss, lowdust",SDSS J021726.52-050827.3,sdA,19.8700008392334,XMM-LSS
2026011300056,u,35.530288730408174,-4.429147063322569,61054.13525685528,1.8999050503300792,58.2413637147569,8766,6,"6,0",20260113,56,2026-01-14T03:14:46.192,"ddf_xmm_lss, lowdust",SDSS J021726.52-050827.3,sdA,19.8700008392334,XMM-LSS
2026011500031,u,35.55144852073182,-4.871984857747731,61056.10504535679,1.5765400234462519,50.6318827358236,8524,75,"5,7",20260115,31,2026-01-16T02:31:15.919,"ddf_xmm_lss, lowdust",SDSS J021726.52-050827.3,sdA,19.8700008392334,XMM-LSS
2026011500032,u,35.92512394078797,-4.9719363577645685,61056.105607137084,1.5700041395735571,50.4359063880693,8524,63,"3,6",20260115,32,2026-01-16T02:32:04.457,"ddf_xmm_lss, lowdust",SDSS J021726.52-050827.3,sdA,19.8700008392334,XMM-LSS
2026011500033,u,35.57943953072677,-5.193726226062818,61056.106168145314,1.5805486693452186,50.7510094919016,8524,55,"5,5",20260115,33,2026-01-16T02:32:52.928,"ddf_xmm_lss, lowdust",SDSS J021726.52-050827.3,sdA,19.8700008392334,XMM-LSS
2026011500048,r,35.45859336152226,-5.0121500118359235,61056.11743084993,1.7125538486374507,54.2730414438943,8524,66,"6,6",20260115,48,2026-01-16T02:49:06.025,"ddf_xmm_lss, lowdust",SDSS J021726.52-050827.3,sdA,19.8700008392334,XMM-LSS
2026011500049,r,35.551374775814494,-4.871991545870935,61056.11790107656,1.7184645486587302,54.4146656484537,8524,75,"5,7",20260115,49,2026-01-16T02:49:46.653,"ddf_xmm_lss, lowdust",SDSS J021726.52-050827.3,sdA,19.8700008392334,XMM-LSS
2026011500052,u,35.626373722479165,-4.602516989471155,61056.12071555387,1.7584620701075446,55.341858200601,8524,85,"5,8",20260115,52,2026-01-16T02:53:49.824,"ddf_xmm_lss, lowdust",SDSS J021726.52-050827.3,sdA,19.8700008392334,XMM-LSS
2026011500053,u,35.62637149128243,-4.602516710376857,61056.12120365817,1.7649483348158876,55.4873050768896,8524,85,"5,8",20260115,53,2026-01-16T02:54:31.996,"ddf_xmm_lss, lowdust",SDSS J021726.52-050827.3,sdA,19.8700008392334,XMM-LSS
2026011500054,u,35.62634418551832,-4.602419961321375,61056.12234291062,1.7803394922255307,55.827203539803,8524,85,"5,8",20260115,54,2026-01-16T02:56:10.427,"ddf_xmm_lss, lowdust",SDSS J021726.52-050827.3,sdA,19.8700008392334,XMM-LSS
2026011500055,u,35.62634426206658,-4.602517898623944,61056.12283517094,1.7871127812602652,55.9745030196875,8524,85,"5,8",20260115,55,2026-01-16T02:56:52.959,"ddf_xmm_lss, lowdust",SDSS J021726.52-050827.3,sdA,19.8700008392334,XMM-LSS
2026011500056,u,35.62636811638335,-4.602420943116228,61056.123969142325,1.802945510634238,56.3135313243545,8524,85,"5,8",20260115,56,2026-01-16T02:58:30.934,"ddf_xmm_lss, lowdust",SDSS J021726.52-050827.3,sdA,19.8700008392334,XMM-LSS
2026011500057,u,35.729876186554876,-4.596220504980024,61056.12452874612,1.80697069067254,56.3985651783222,8524,84,"4,8",20260115,57,2026-01-16T02:59:19.284,"ddf_xmm_lss, lowdust",SDSS J021726.52-050827.3,sdA,19.8700008392334,XMM-LSS
2026011500058,u,35.45863370519031,-5.012055415523881,61056.12509034574,1.8148620097681323,56.5639383948465,8524,66,"6,6",20260115,58,2026-01-16T03:00:07.806,"ddf_xmm_lss, lowdust",SDSS J021726.52-050827.3,sdA,19.8700008392334,XMM-LSS
2026011700274,r,35.43500955471899,-4.673895816790571,61058.0662845429,1.33534532535345,41.5074150916186,8524,86,"6,8",20260117,274,2026-01-18T01:35:26.985,"ddf_xmm_lss, lowdust",SDSS J021726.52-050827.3,sdA,19.8700008392334,XMM-LSS
2026011700275,r,35.6545591235395,-5.1114167779919795,61058.06675049383,1.3285960878526906,41.1774404561397,8524,55,"5,5",20260117,275,2026-01-18T01:36:07.243,"ddf_xmm_lss, lowdust",SDSS J021726.52-050827.3,sdA,19.8700008392334,XMM-LSS
2026011700283,u,35.396612620809385,-4.51202263142372,61058.0742756282,1.3855502417041012,43.8020945435447,8524,96,"6,9",20260117,283,2026-01-18T01:46:57.414,"ddf_xmm_lss, lowdust",SDSS J021726.52-050827.3,sdA,19.8700008392334,XMM-LSS
2026011700284,u,35.44480188165474,-4.532865601793635,61058.074840328656,1.3879925481826003,43.9071179966346,8524,96,"6,9",20260117,284,2026-01-18T01:47:46.204,"ddf_xmm_lss, lowdust",SDSS J021726.52-050827.3,sdA,19.8700008392334,XMM-LSS
2026011700285,u,35.452814064436595,-4.715291769998151,61058.07540328847,1.3887206755841552,43.938318681079,8524,76,"6,7",20260117,285,2026-01-18T01:48:34.844,"ddf_xmm_lss, lowdust",SDSS J021726.52-050827.3,sdA,19.8700008392334,XMM-LSS
2026011700289,u,35.45272211064317,-4.715292162401255,61058.078353057615,1.408027676826779,44.7477263560461,8524,76,"6,7",20260117,289,2026-01-18T01:52:49.704,"ddf_xmm_lss, lowdust",SDSS J021726.52-050827.3,sdA,19.8700008392334,XMM-LSS
2026011700290,u,35.677603993926745,-5.120186653075041,61058.0789133627,1.401411972046914,44.4741956267441,8524,55,"5,5",20260117,290,2026-01-18T01:53:38.115,"ddf_xmm_lss, lowdust",SDSS J021726.52-050827.3,sdA,19.8700008392334,XMM-LSS
2026011700291,u,35.79097776402485,-4.679177915719228,61058.07947608549,1.4098488260873703,44.8223428780766,8524,84,"4,8",20260117,291,2026-01-18T01:54:26.734,"ddf_xmm_lss, lowdust",SDSS J021726.52-050827.3,sdA,19.8700008392334,XMM-LSS
2026011700311,z,35.39649127073469,-4.512032668512597,61058.09721420007,1.5648454438295727,50.2796725106363,8524,96,"6,9",20260117,311,2026-01-18T02:19:59.307,"ddf_xmm_lss, lowdust",SDSS J021726.52-050827.3,sdA,19.8700008392334,XMM-LSS
2026011700312,z,35.44479967791758,-4.532874964485236,61058.09768248303,1.5676499810553588,50.3647807455832,8524,96,"6,9",20260117,312,2026-01-18T02:20:39.767,"ddf_xmm_lss, lowdust",SDSS J021726.52-050827.3,sdA,19.8700008392334,XMM-LSS
2026011900067,r,35.67881043338254,-4.738726415081801,61060.06322611682,1.3439969285626738,41.9224924702069,8524,75,"5,7",20260119,67,2026-01-20T01:31:02.736,"lowdust, ddf_xmm_lss",SDSS J021726.52-050827.3,sdA,19.8700008392334,XMM-LSS
2026011900068,r,35.37343047627522,-5.009096721688624,61060.06369232293,1.3477071057213097,42.0978511010344,8524,66,"6,6",20260119,68,2026-01-20T01:31:43.017,"lowdust, ddf_xmm_lss",SDSS J021726.52-050827.3,sdA,19.8700008392334,XMM-LSS
2026011900076,u,35.732665049110366,-4.780909094739433,61060.0712551428,1.3911645088961349,44.0426715099694,8524,74,"4,7",20260119,76,2026-01-20T01:42:36.444,"lowdust, ddf_xmm_lss",SDSS J021726.52-050827.3,sdA,19.8700008392334,XMM-LSS
2026011900077,u,35.673194280782326,-4.757081901955735,61060.071816400625,1.3962629882284756,44.2585788383378,8524,75,"5,7",20260119,77,2026-01-20T01:43:24.937,"lowdust, ddf_xmm_lss",SDSS J021726.52-050827.3,sdA,19.8700008392334,XMM-LSS
2026011900078,u,35.803933883595484,-4.587372702168206,61060.07237843517,1.4001784885733595,44.4227625253532,8524,84,"4,8",20260119,78,2026-01-20T01:44:13.497,"lowdust, ddf_xmm_lss",SDSS J021726.52-050827.3,sdA,19.8700008392334,XMM-LSS
2026011900082,u,35.73260395885168,-4.780910177036482,61060.07531699166,1.418404741814465,45.1690515358198,8524,74,"4,7",20260119,82,2026-01-20T01:48:27.388,"lowdust, ddf_xmm_lss",SDSS J021726.52-050827.3,sdA,19.8700008392334,XMM-LSS
2026011900083,u,35.673511482223574,-4.757081020457243,61060.075881016906,1.4238933140350747,45.3881896813205,8524,75,"5,7",20260119,83,2026-01-20T01:49:16.120,"lowdust, ddf_xmm_lss",SDSS J021726.52-050827.3,sdA,19.8700008392334,XMM-LSS
2026011900084,u,35.80383561737941,-4.58737342933374,61060.07644243399,1.4280080819790022,45.5508363475066,8524,84,"4,8",20260119,84,2026-01-20T01:50:04.626,"lowdust, ddf_xmm_lss",SDSS J021726.52-050827.3,sdA,19.8700008392334,XMM-LSS
2026011900106,z,35.714234893700734,-4.892746894448352,61060.10960180592,1.7458950312216603,55.0562387095236,8524,64,"4,6",20260119,106,2026-01-20T02:37:49.596,"lowdust, ddf_xmm_lss",SDSS J021726.52-050827.3,sdA,19.8700008392334,XMM-LSS
2026011900107,z,35.7138906737428,-4.892747628940728,61060.10999901546,1.751080250042689,55.1747035714512,8524,64,"4,6",20260119,107,2026-01-20T02:38:23.915,"lowdust, ddf_xmm_lss",SDSS J021726.52-050827.3,sdA,19.8700008392334,XMM-LSS
2026011900108,z,35.713932366468,-4.89274726516714,61060.11117766984,1.7667286568624667,55.5269957441858,8524,64,"4,6",20260119,108,2026-01-20T02:40:05.751,"lowdust, ddf_xmm_lss",SDSS J021726.52-050827.3,sdA,19.8700008392334,XMM-LSS
2026011900109,z,35.71414172221173,-4.892746784474825,61060.111572846305,1.772040327375833,55.644829527885,8524,64,"4,6",20260119,109,2026-01-20T02:40:39.894,"lowdust, ddf_xmm_lss",SDSS J021726.52-050827.3,sdA,19.8700008392334,XMM-LSS
2026011900110,z,35.7139666123493,-4.8927465081610935,61060.11262589926,1.7864442028016352,55.9600244101469,8524,64,"4,6",20260119,110,2026-01-20T02:42:10.878,"lowdust, ddf_xmm_lss",SDSS J021726.52-050827.3,sdA,19.8700008392334,XMM-LSS
2026011900111,z,35.824029934556194,-4.697210323561791,61060.113095126115,1.7937597294568128,56.1177280839305,8524,84,"4,8",20260119,111,2026-01-20T02:42:51.419,"lowdust, ddf_xmm_lss",SDSS J021726.52-050827.3,sdA,19.8700008392334,XMM-LSS
2026012800093,g,35.447981536459075,-5.144859056987307,61069.07256814046,1.6043261492336787,51.4414057638768,8524,56,"6,5",20260128,93,2026-01-29T01:44:29.887,"lowdust, ddf_xmm_lss",SDSS J021726.52-050827.3,sdA,19.8700008392334,XMM-LSS
2026012800094,g,35.5612358087573,-4.868197082487903,61069.07303867908,1.6115835815358548,51.6467820736838,8524,75,"5,7",20260128,94,2026-01-29T01:45:10.542,"lowdust, ddf_xmm_lss",SDSS J021726.52-050827.3,sdA,19.8700008392334,XMM-LSS
2026012800100,i,35.44759870499957,-5.142073400038707,61069.081821255386,1.7086830206920904,54.1796253096744,8524,56,"6,5",20260128,100,2026-01-29T01:57:49.356,"lowdust, ddf_xmm_lss",SDSS J021726.52-050827.3,sdA,19.8700008392334,XMM-LSS
2026012800105,i,35.687473249526256,-4.447797569666738,61069.084863843396,1.7556294655961073,55.2779225752679,8766,5,"5,0",20260128,105,2026-01-29T02:02:12.236,"lowdust, ddf_xmm_lss",SDSS J021726.52-050827.3,sdA,19.8700008392334,XMM-LSS
