simbad_id,ra_deg,dec_deg,coo_err_maj,coo_err_min,coo_err_angle,coo_wavelength,coo_bibcode,V_mag,B_mag,R_mag,I_mag,spectral_type,mesvar.bibcode,mesvar.epoch,mesvar.epoch_prec,mesvar.lowvmax,mesvar.magtyp,mesvar.mespos,mesvar.period,mesvar.period_prec,mesvar.raisingtime,mesvar.raisingtime_prec,mesvar.r_epoch,mesvar.r_period,mesvar.r_raisingtime,mesvar.r_vmax,mesvar.r_vmin,mesvar.upperiod,mesvar.uppvmin,mesvar.vartyp,mesvar.vmax,mesvar.vmax_prec,mesvar.vmin,mesvar.vmin_prec,parallax_mas,pmra_mas_yr,pmdec_mas_yr,simbad_otype,field,stable
2MASS J02271162-0446026,36.79842236395001,-4.767408061019999,0.0915,0.0835,90,O,2020yCat.1350....0G,18.011999130249023,17.86199951171875,17.9950008392334,17.81599998474121,,,,,,,,,,,,,,,,,,,,,,,,0.2681,4.376,-3.414,*,XMM-LSS,True
2MASS J02270682-0443316,36.77838928494,-4.72543147239,0.1795,0.1582,90,O,2020yCat.1350....0G,19.145000457763672,20.281999588012695,18.6560001373291,18.0310001373291,,,,,,,,,,,,,,,,,,,,,,,,0.4238,7.313,-9.815,*,XMM-LSS,True
2MASS J02273302-0431028,36.88762353545,-4.51743470577,0.1854,0.16,90,O,2020yCat.1350....0G,19.642000198364258,21.173999786376953,18.812000274658203,17.61400032043457,,,,,,,,,,,,,,,,,,,,,,,,2.6156,0.07,-4.549,*,XMM-LSS,True
2MASS J02255782-0442200,36.49089264568,-4.7054908257,0.2126,0.1831,90,O,2020yCat.1350....0G,19.195999145507812,20.351999282836914,18.64299964904785,18.156999588012695,,,,,,,,,,,,,,,,,,,,,,,,0.5002,8.703,-2.878,*,XMM-LSS,True
2MASS J02263179-0441129,36.63247210083,-4.687007943679999,0.2115,0.1851,90,O,2020yCat.1350....0G,19.483999252319336,20.7810001373291,18.867000579833984,18.235000610351562,,,,,,,,,,,,,,,,,,,,,,,,0.8915,2.26,3.919,*,XMM-LSS,True
2MASS J02255388-0437205,36.47452153774,-4.6223856457,0.1744,0.1527,90,O,2020yCat.1350....0G,19.347000122070312,20.740999221801758,18.547000885009766,17.55500030517578,,,,,,,,,,,,,,,,,,,,,,,,1.4008,0.739,0.335,*,XMM-LSS,True
2MASS J02262834-0434132,36.6181636135,-4.570385515599999,0.1327,0.12,90,O,2020yCat.1350....0G,18.395000457763672,19.15399932861328,18.138999938964844,17.756999969482422,,,,,,,,,,,,,,,,,,,,,,,,0.2457,2.983,-0.873,*,XMM-LSS,True
2MASS J02265845-0432248,36.74360048748,-4.540289998729999,0.1101,0.103,90,O,2020yCat.1350....0G,18.21500015258789,18.61400032043457,18.030000686645508,17.687999725341797,,,,,,,,,,,,,,,,,,,,,,,,0.5907,9.99,-9.369,*,XMM-LSS,True
2MASS J02262663-0428382,36.61095002281,-4.47729767848,0.3063,0.3287,90,O,2020yCat.1350....0G,19.83799934387207,21.097000122070312,19.229000091552734,18.444000244140625,,,,,,,,,,,,,,,,,,,,,,,,0.4338,-4.042,-13.079,*,XMM-LSS,True
2MASS J02253965-0433242,36.41518181285,-4.55675095589,0.2726,0.2444,90,O,2020yCat.1350....0G,20.124000549316406,21.621000289916992,19.301000595092773,18.197999954223633,,,,,,,,,,,,,,,,,,,,,,,,1.5544,7.474,5.455,*,XMM-LSS,True
2MASS J02253221-0429158,36.384399409169994,-4.487844843459999,0.2842,0.2811,90,O,2020yCat.1350....0G,20.249000549316406,21.729999542236328,19.496999740600586,18.489999771118164,,,,,,,,,,,,,,,,,,,,,,,,1.1672,2.583,2.484,*,XMM-LSS,True
2MASS J02253135-0428151,36.38058614174,-4.4708307855800005,0.2479,0.2356,90,O,2020yCat.1350....0G,20.441999435424805,21.841999053955078,19.56399917602539,18.042999267578125,,,,,,,,,,,,,,,,,,,,,,,,2.2301,-6.598,-10.423,*,XMM-LSS,True
2MASS J02254038-0422043,36.41831440891,-4.367930950389999,0.1033,0.0995,90,O,2020yCat.1350....0G,18.225000381469727,19.167999267578125,17.86199951171875,17.552000045776367,,,,,,,,,,,,,,,,,,,,,,,,0.6147,1.294,-11.023,*,XMM-LSS,True
2MASS J02262178-0424176,36.59088187238999,-4.4048812245,0.1979,0.1709,90,O,2020yCat.1350....0G,19.283000946044922,20.65399932861328,18.59600067138672,17.618999481201172,,,,,,,,,,,,,,,,,,,,,,,,0.4128,-2.947,-1.149,*,XMM-LSS,True
2MASS J02264722-0419039,36.69685026104,-4.3177713197,0.2417,0.2208,90,O,2020yCat.1350....0G,19.704999923706055,21.197999954223633,18.888999938964844,17.775999069213867,,,,,,,,,,,,,,,,,,,,,,,,1.7148,9.523,4.043,*,XMM-LSS,True
2MASS J02271215-0422426,36.80068211232,-4.37845501615,0.6068,0.4122,90,O,2020yCat.1350....0G,20.993000030517578,22.47599983215332,20.117000579833984,18.548999786376953,,,,,,,,,,,,,,,,,,,,,,,,1.6328,5.68,-8.217,*,XMM-LSS,True
2MASS J02274589-0412060,36.94122576672999,-4.20166164624,0.1902,0.1767,90,O,2020yCat.1350....0G,19.558000564575195,20.886999130249023,18.85700035095215,18.035999298095703,,,,,,,,,,,,,,,,,,,,,,,,0.7296,3.828,-2.089,*,XMM-LSS,True
2MASS J02270163-0415147,36.75681632627,-4.25402991707,0.2377,0.1704,90,O,2020yCat.1350....0G,19.52400016784668,20.881999969482422,18.80900001525879,18.035999298095703,,,,,,,,,,,,,,,,,,,,,,,,0.4804,3.089,-5.433,*,XMM-LSS,True
VVDS 020194277,36.53823861707001,-4.57141689571,0.4588,0.3858,90,O,2020yCat.1350....0G,20.492000579833984,21.982999801635742,19.655000686645508,18.229999542236328,,,,,,,,,,,,,,,,,,,,,,,,1.5621,6.242,-14.038,*,XMM-LSS,True
2MASS J02253860-0447554,36.4108555481,-4.798682673690001,0.2767,0.2439,90,O,2020yCat.1350....0G,19.799999237060547,21.15399932861328,19.125,18.2810001373291,,,,,,,,,,,,,,,,,,,,,,,,1.189,8.256,6.923,*,XMM-LSS,True
2MASS J02254363-0441175,36.431838022179996,-4.68833466268,0.4272,0.3738,90,O,2020yCat.1350....0G,20.77400016784668,22.19499969482422,19.952999114990234,18.80500030517578,,,,,,,,,,,,,,,,,,,,,,,,0.3066,-1.589,-9.539,*,XMM-LSS,True
2MASS J02274726-0411248,36.94701365173001,-4.1903245384,0.4548,0.3878,90,O,2020yCat.1350....0G,20.881999969482422,22.209999084472656,20.093000411987305,18.841999053955078,,,,,,,,,,,,,,,,,,,,,,,,0.8208,-3.966,-4.215,*,XMM-LSS,True
VVDS J022739.56-042920.0,36.91484189519,-4.488989238160001,1.8377,1.9225,90,O,2020yCat.1350....0G,20.895000457763672,21.27899932861328,20.788000106811523,20.60700035095215,,,,,,,,,,,,,,,,,,,,,,,,,,,*,XMM-LSS,True
2MASS J02253569-0433508,36.39873430827999,-4.56404444144,0.2345,0.2086,90,O,2020yCat.1350....0G,19.91200065612793,21.268999099731445,19.163000106811523,18.209999084472656,,,,,,,,,,,,,,,,,,,,,,,,0.8592,18.726,-1.574,*,XMM-LSS,True
2MASS J02251080-0434101,36.29520838336,-4.56961216489,0.2822,0.2579,90,O,2020yCat.1350....0G,20.50200080871582,22.011999130249023,19.655000686645508,18.298999786376953,,,,,,,,,,,,,,,,,,,,,,,,1.5949,0.983,-0.686,*,XMM-LSS,True
2MASS J02273002-0436092,36.87513201171,-4.602589618819999,0.2442,0.2229,90,O,2020yCat.1350....0G,20.20199966430664,21.707000732421875,19.388999938964844,18.033000946044922,,,,,,,,,,,,,,,,,,,,,,,,2.0984,9.974,-6.516,*,XMM-LSS,True
VIDEO J022732.80-041547.56,36.88670690756,-4.263247524659999,0.3561,0.3146,90,O,2020yCat.1350....0G,20.357999801635742,21.68000030517578,19.613000869750977,18.663000106811523,,,,,,,,,,,,,,,,,,,,,,,,0.2941,10.773,-6.482,*,XMM-LSS,True
VIDEO J022654.21-042402.51,36.725942858089994,-4.40070737121,0.4575,0.3338,90,O,2020yCat.1350....0G,19.916000366210938,20.503999710083008,19.695999145507812,19.388999938964844,,,,,,,,,,,,,,,,,,,,,,,,0.0395,-0.896,-0.876,*,XMM-LSS,True
VIDEO J022647.73-044057.58,36.69891493177,-4.682658201149999,0.3047,0.2825,90,O,2020yCat.1350....0G,19.916000366210938,21.209999084472656,19.277000427246094,18.62700080871582,,,,,,,,,,,,,,,,,,,,,,,,0.8817,2.851,-2.621,*,XMM-LSS,True
VIDEO J022515.35-044530.49,36.31398156627999,-4.758479417090001,0.462,0.4382,90,O,2020yCat.1350....0G,20.552000045776367,21.815000534057617,19.83799934387207,19.018999099731445,,,,,,,,,,,,,,,,,,,,,,,,,11.362,-8.121,*,XMM-LSS,True
VIDEO J022730.02-042604.35,36.87512680078,-4.43454489722,0.3968,0.3094,90,O,2020yCat.1350....0G,19.91699981689453,20.926000595092773,19.44300079345703,19.000999450683594,,,,,,,,,,,,,,,,,,,,,,,,,3.142,-0.723,*,XMM-LSS,True
2MASS J02263843-0434526,36.66010090308,-4.581242199170001,0.2123,0.1899,90,O,2020yCat.1350....0G,19.540000915527344,20.844999313354492,18.899999618530273,18.26099967956543,,,,,,,,,,,,,,,,,,,,,,,,0.425,-1.18,-7.739,*,XMM-LSS,True
VIDEO J022509.74-043257.39,36.29061712752,-4.549353002459999,2.0009,2.7158,90,O,2020yCat.1350....0G,20.924999237060547,21.270999908447266,20.841999053955078,20.711999893188477,,,,,,,,,,,,,,,,,,,,,,,,,,,*,XMM-LSS,True
VIDEO J022640.13-043200.29,36.66719735753,-4.53346952502,0.3919,0.3628,90,O,2020yCat.1350....0G,20.871999740600586,22.31100082397461,20.117000579833984,18.892000198364258,,,,,,,,,,,,,,,,,,,,,,,,0.9445,27.487,15.478,*,XMM-LSS,True
VVDS J022654.93-043649.2,36.72886790652001,-4.61374407206,0.8607,0.8967,90,O,2020yCat.1350....0G,20.756000518798828,21.281999588012695,20.63800048828125,20.457000732421875,,,,,,,,,,,,,,,,,,,,,,,,0.98,4.328,0.198,*,XMM-LSS,True
VIDEO J022548.68-044318.50,36.45290909529,-4.721829453329999,1.2812,1.5322,90,O,2020yCat.1350....0G,20.725000381469727,21.31100082397461,20.5049991607666,20.308000564575195,,,,,,,,,,,,,,,,,,,,,,,,,,,*,XMM-LSS,True
VIDEO J022733.58-044241.10,36.889947391529994,-4.711416593289999,0.3014,0.3031,90,O,2020yCat.1350....0G,19.5049991607666,19.93600082397461,19.392000198364258,19.20199966430664,,,,,,,,,,,,,,,,,,,,,,,,,1.68,-4.354,*,XMM-LSS,True
VVDS J022716.48-044911.6,36.818720350819994,-4.819973128570001,0.3172,0.2948,90,O,2020yCat.1350....0G,20.148000717163086,21.483999252319336,19.5049991607666,18.777999877929688,,,,,,,,,,,,,,,,,,,,,,,,0.5733,-1.978,-13.034,*,XMM-LSS,True
VIDEO J022506.44-041930.86,36.276833568380006,-4.325246235249999,0.1997,0.1872,90,O,2020yCat.1350....0G,19.165000915527344,19.910999298095703,18.906999588012695,18.6560001373291,,,,,,,,,,,,,,,,,,,,,,,,0.3911,3.471,0.459,*,XMM-LSS,True
VIDEO J022502.44-044010.12,36.26022028161,-4.66949419482,1.3386,1.1343,90,O,2020yCat.1350....0G,20.753999710083008,21.23699951171875,20.577999114990234,20.413000106811523,,,,,,,,,,,,,,,,,,,,,,,,0.1663,-1.699,-4.348,*,XMM-LSS,True
VIDEO J022731.28-043941.88,36.8803611503,-4.66162308646,1.3624,1.2003,90,O,2020yCat.1350....0G,20.79400062561035,21.174999237060547,20.753999710083008,20.65399932861328,,,,,,,,,,,,,,,,,,,,,,,,,-3.191,-6.324,*,XMM-LSS,True
VIDEO J022705.69-043704.10,36.77375220001,-4.617837816459999,0.4167,0.3596,90,O,2020yCat.1350....0G,20.834999084472656,22.100000381469727,20.104999542236328,18.819000244140625,,,,,,,,,,,,,,,,,,,,,,,,1.8767,2.561,7.002,*,XMM-LSS,True
VIDEO J022631.41-041144.68,36.63094376165,-4.19576661466,1.372,0.8343,90,O,2020yCat.1350....0G,20.70199966430664,21.100000381469727,20.604000091552734,20.452999114990234,,,,,,,,,,,,,,,,,,,,,,,,0.2878,0.727,-3.863,*,XMM-LSS,True
VIDEO J022736.90-040845.32,36.90380010449,-4.145878146130001,0.4783,0.4237,90,O,2020yCat.1350....0G,20.642000198364258,21.937999725341797,19.91900062561035,19.108999252319336,,,,,,,,,,,,,,,,,,,,,,,,1.2895,8.62,-24.361,*,XMM-LSS,True
VIDEO J022646.60-042340.39,36.6942393957,-4.39452293553,0.2732,0.2076,90,O,2020yCat.1350....0G,19.27899932861328,20.062000274658203,18.966999053955078,18.632999420166016,,,,,,,,,,,,,,,,,,,,,,,,0.9824,-0.602,-9.072,*,XMM-LSS,True
VIDEO J022611.75-042628.94,36.54903990962,-4.44135601491,1.2042,1.4811,90,O,2020yCat.1350....0G,20.753999710083008,21.33300018310547,20.55500030517578,20.285999298095703,,,,,,,,,,,,,,,,,,,,,,,,2.352,2.068,-6.712,*,XMM-LSS,True
VIDEO J022617.59-042648.59,36.573383347109996,-4.44682579518,0.4516,0.4285,90,O,2020yCat.1350....0G,20.202999114990234,20.56100082397461,20.128000259399414,19.961999893188477,,,,,,,,,,,,,,,,,,,,,,,,0.3363,3.253,-2.158,*,XMM-LSS,True
VIDEO J022505.40-043859.83,36.27254671413,-4.649994529079999,2.6557,1.459,90,O,2020yCat.1350....0G,20.916000366210938,21.472999572753906,20.69700050354004,20.53499984741211,,,,,,,,,,,,,,,,,,,,,,,,,,,*,XMM-LSS,True
VIDEO J022712.34-043247.40,36.80148750000001,-4.5464166666666666,,,,,2005A&A...439..845L,20.672000885009766,21.59000015258789,20.327999114990234,19.90999984741211,,,,,,,,,,,,,,,,,,,,,,,,,,,*,XMM-LSS,True
VVDS 020276735,36.98847230139,-4.39498749524,0.1709,0.1417,90,O,2020yCat.1350....0G,19.174999237060547,20.584999084472656,18.56399917602539,17.61400032043457,,,,,,,,,,,,,,,,,,,,,,,,0.9259,-3.407,7.429,*,XMM-LSS,True
VVDS J022632.21-042631.1,36.63423333324,-4.44207108334,0.1261,0.1007,90,O,2020yCat.1350....0G,18.145000457763672,18.493999481201172,18.201000213623047,17.891000747680664,,,,,,,,,,,,,,,,,,,,,,,,0.14,-2.716,-8.695,*,XMM-LSS,True
VIDEO J022604.78-042112.49,36.51999830008,-4.35347169888,0.8803,0.7169,90,O,2020yCat.1350....0G,20.54599952697754,20.909000396728516,20.490999221801758,20.375999450683594,,,,,,,,,,,,,,,,,,,,,,,,0.8996,0.897,-2.361,*,XMM-LSS,True
VIDEO J022637.06-044822.29,36.65441771258,-4.806182664529999,0.5126,0.4791,90,O,2020yCat.1350....0G,20.268999099731445,21.045000076293945,20.0049991607666,19.679000854492188,,,,,,,,,,,,,,,,,,,,,,,,0.5683,4.792,-9.122,*,XMM-LSS,True
VIDEO J022642.93-043640.97,36.67881060444,-4.61133276815,0.4072,0.3891,90,O,2020yCat.1350....0G,20.652999877929688,22.101999282836914,19.947999954223633,19.121999740600586,,,,,,,,,,,,,,,,,,,,,,,,1.2133,31.164,-17.51,*,XMM-LSS,True
VIDEO J022737.57-041627.40,36.90662417762,-4.274324053300002,3.5096,5.2904,90,O,2020yCat.1350....0G,20.899999618530273,21.28700065612793,20.88599967956543,20.51799964904785,,,,,,,,,,,,,,,,,,,,,,,,,,,*,XMM-LSS,True
VIDEO J022714.45-041438.17,36.81024952918,-4.24399244883,1.0254,0.7331,90,O,2020yCat.1350....0G,20.761999130249023,21.388999938964844,20.499000549316406,20.261999130249023,,,,,,,,,,,,,,,,,,,,,,,,,-1.252,-1.403,*,XMM-LSS,True
VVDS J022547.20-043252.3,36.44671707446,-4.54808963711,0.2747,0.2693,90,O,2020yCat.1350....0G,19.43199920654297,20.023000717163086,19.22100067138672,19.011999130249023,,,,,,,,,,,,,,,,,,,,,,,,,9.758,-14.2,*,XMM-LSS,True
2MASS J02253945-0432581,36.41441061634,-4.54953117158,0.1608,0.1433,90,O,2020yCat.1350....0G,18.663999557495117,19.437000274658203,18.356000900268555,18.062999725341797,,,,,,,,,,,,,,,,,,,,,,,,0.5329,23.326,-25.878,*,XMM-LSS,True
VIDEO J022618.17-042522.48,36.575825,-4.422791666666667,,,,,2005A&A...439..845L,20.558000564575195,22.02199935913086,19.801000595092773,18.645999908447266,,,,,,,,,,,,,,,,,,,,,,,,,,,*,XMM-LSS,True
VIDEO J022608.96-042556.01,36.5374135483,-4.432231745549999,0.5729,0.5966,90,O,2020yCat.1350....0G,20.367000579833984,20.7189998626709,20.297000885009766,20.148000717163086,,,,,,,,,,,,,,,,,,,,,,,,0.123,2.482,-0.237,*,XMM-LSS,True
VIDEO J022630.46-043155.66,36.62693057543999,-4.532153468739999,1.2113,1.4025,90,O,2020yCat.1350....0G,20.341999053955078,21.777999877929688,19.652000427246094,18.871000289916992,,,,,,,,,,,,,,,,,,,,,,,,1.2491,4.792,6.594,*,XMM-LSS,True
VIDEO J022737.29-043515.58,36.90538926874,-4.587664758869999,0.709,0.6636,90,O,2020yCat.1350....0G,20.628999710083008,21.336999893188477,20.41699981689453,20.187000274658203,,,,,,,,,,,,,,,,,,,,,,,,,0.658,-0.899,*,XMM-LSS,True
VIDEO J022615.14-043734.15,36.56314248644,-4.62617341423,1.431,1.33,90,O,2020yCat.1350....0G,20.797000885009766,21.29400062561035,20.7450008392334,20.634000778198242,,,,,,,,,,,,,,,,,,,,,,,,,,,*,XMM-LSS,True
VIDEO J022628.42-043831.32,36.61844013861,-4.6420289337,0.2504,0.2235,90,O,2020yCat.1350....0G,19.66200065612793,20.875999450683594,19.11199951171875,18.56100082397461,,,,,,,,,,,,,,,,,,,,,,,,0.6447,1.055,-4.471,*,XMM-LSS,True
VIDEO J022617.02-044123.22,36.5709781477,-4.689814686200001,2.9259,3.1946,90,O,2020yCat.1350....0G,20.906999588012695,21.3700008392334,20.864999771118164,20.808000564575195,,,,,,,,,,,,,,,,,,,,,,,,,,,*,XMM-LSS,True
VIDEO J022657.44-044822.24,36.7394125,-4.806130555555556,,,,,2005A&A...439..845L,18.770999908447266,19.981000900268555,18.246999740600586,17.645000457763672,,,,,,,,,,,,,,,,,,,,,,,,,,,*,XMM-LSS,True
VIDEO J022718.40-042136.18,36.82676172624001,-4.3600989523199996,0.8226,0.5889,90,O,2020yCat.1350....0G,20.948999404907227,22.385000228881836,20.18899917602539,19.32200050354004,,,,,,,,,,,,,,,,,,,,,,,,1.5717,0.059,-2.402,*,XMM-LSS,True
VIDEO J022605.23-044847.34,36.52187392291,-4.813187785549999,6.973,7.3024,90,O,2020yCat.1350....0G,20.756000518798828,20.7810001373291,21.131999969482422,21.350000381469727,,,,,,,,,,,,,,,,,,,,,,,,,,,*,XMM-LSS,True
VIDEO J022714.30-041941.90,36.80967053301,-4.32836124915,0.3044,0.236,90,O,2020yCat.1350....0G,19.47599983215332,20.2189998626709,19.198999404907227,18.889999389648438,,,,,,,,,,,,,,,,,,,,,,,,,-0.64,-2.963,*,XMM-LSS,True
VVDS J022649.83-041823.7,36.70767819863,-4.30682190621,0.3758,0.2756,90,O,2020yCat.1350....0G,20.319000244140625,21.766000747680664,19.517000198364258,18.461999893188477,,,,,,,,,,,,,,,,,,,,,,,,1.1904,4.552,-8.532,*,XMM-LSS,True
VVDS J022610.45-043950.1,36.54363830249,-4.66408255726,0.4027,0.3715,90,O,2020yCat.1350....0G,20.770000457763672,22.208999633789062,20.017000198364258,19.062999725341797,,,,,,,,,,,,,,,,,,,,,,,,1.6505,2.788,-6.739,*,XMM-LSS,True
VIDEO J022740.68-042828.80,36.91956880998,-4.47465448208,0.6097,0.474,90,O,2020yCat.1350....0G,20.923999786376953,22.415000915527344,20.10700035095215,18.89900016784668,,,,,,,,,,,,,,,,,,,,,,,,1.8973,-9.004,-1.969,*,XMM-LSS,True
VIDEO J022524.60-042330.02,36.35254767779001,-4.39168635071,0.5373,0.551,90,O,2020yCat.1350....0G,20.35700035095215,20.892000198364258,20.231000900268555,20.031999588012695,,,,,,,,,,,,,,,,,,,,,,,,0.9465,-0.06,-1.807,*,XMM-LSS,True
VIDEO J022527.69-042615.30,36.36542631151,-4.43760267386,1.4409,0.8128,90,O,2020yCat.1350....0G,20.76099967956543,21.413999557495117,20.583999633789062,20.315000534057617,,,,,,,,,,,,,,,,,,,,,,,,,4.322,-1.876,*,XMM-LSS,True
VIDEO J022635.05-043706.62,36.64605586137,-4.61850379445,0.1524,0.1499,90,O,2020yCat.1350....0G,18.48900032043457,19.05500030517578,18.292999267578125,18.010000228881836,,,,,,,,,,,,,,,,,,,,,,,,,3.165,-2.52,*,XMM-LSS,True
VIDEO J022554.53-041755.70,36.47729826224,-4.29881870143,3.7635,14.7878,90,O,2020yCat.1350....0G,20.92099952697754,21.363000869750977,20.875,20.72800064086914,,,,,,,,,,,,,,,,,,,,,,,,,,,*,XMM-LSS,True
2MASS J02264054-0437057,36.668945120029996,-4.61829129633,0.1641,0.144,90,O,2020yCat.1350....0G,19.520999908447266,20.947999954223633,18.76099967956543,17.524999618530273,,,,,,,,,,,,,,,,,,,,,,,,2.1852,10.209,-39.482,*,XMM-LSS,True
2MASS J02262197-0409051,36.59164195465,-4.15143034845,0.4287,0.3351,90,O,2020yCat.1350....0G,20.47800064086914,21.874000549316406,19.573999404907227,18.05299949645996,,,,,,,,,,,,,,,,,,,,,,,,1.615,-0.865,1.741,*,XMM-LSS,True
2MASS J02270197-0430533,36.75826585327,-4.514853501809999,0.2213,0.1964,90,O,2020yCat.1350....0G,19.413000106811523,20.770000457763672,18.73699951171875,17.90999984741211,,,,,,,,,,,,,,,,,,,,,,,,0.6125,7.58,2.113,*,XMM-LSS,True
2MASS J02260171-0422438,36.507223830230004,-4.378817657229999,0.1308,0.1159,90,O,2020yCat.1350....0G,18.235000610351562,18.91900062561035,18.073999404907227,17.798999786376953,,,,,,,,,,,,,,,,,,,,,,,,0.4465,-0.786,-15.148,*,XMM-LSS,True
VVDS 020321613,36.96763552874,-4.29578504516,0.1007,0.0888,90,O,2020yCat.1350....0G,18.12700080871582,18.809999465942383,18.06800079345703,17.517000198364258,,,,,,,,,,,,,,,,,,,,,,,,0.6374,9.522,-16.05,*,XMM-LSS,True
2MASS J02253236-0415496,36.3848434439,-4.263838753129999,0.4647,0.4288,90,O,2020yCat.1350....0G,20.711999893188477,22.233999252319336,19.82200050354004,18.291000366210938,,,,,,,,,,,,,,,,,,,,,,,,1.1529,6.318,-11.695,*,XMM-LSS,True
[SMR2006] VLA J021720-04467,34.33745833333333,-4.7793833333333335,,,,O,2006MNRAS.372..741S,20.7544002532959,22.0231990814209,19.93939971923828,,,,,,,,,,,,,,,,,,,,,,,,,,,,*,XMM-LSS,True
DENIS J022558.7-041718,36.49475897433,-4.288452471130001,0.1787,0.1577,90,O,2020yCat.1350....0G,19.472999572753906,20.915000915527344,18.64699935913086,17.57699966430664,,,,,,,,,,,,,,,,,,,,,,,,1.2712,18.989,11.929,*,XMM-LSS,True
VIDEO J022736.69-043254.28,36.90294171064,-4.548406410040001,1.2285,0.9335,90,O,2020yCat.1350....0G,20.54599952697754,20.999000549316406,20.5049991607666,20.336999893188477,,,,,,,,,,,,,,,,,,,,,,,,,0.729,-0.609,*,XMM-LSS,True
VIDEO J022633.31-041923.35,36.63885906723001,-4.3231317978,0.4334,0.3428,90,O,2020yCat.1350....0G,20.166000366210938,21.364999771118164,19.566999435424805,19.033000946044922,,,,,,,,,,,,,,,,,,,,,,,,1.2082,4.353,-15.82,*,XMM-LSS,True
VIDEO J022557.55-043306.27,36.48984197346001,-4.55174678214,0.4338,0.4098,90,O,2020yCat.1350....0G,20.344999313354492,21.545000076293945,19.731000900268555,19.187999725341797,,,,,,,,,,,,,,,,,,,,,,,,0.461,2.085,-4.158,*,XMM-LSS,True
2MASS J02272776-0436423,36.86573077496,-4.611770687229999,0.207,0.1881,90,O,2020yCat.1350....0G,19.461000442504883,20.711000442504883,18.847999572753906,18.274999618530273,,,,,,,,,,,,,,,,,,,,,,,,0.2509,1.028,-9.166,*,XMM-LSS,True
VIDEO J022603.45-042625.40,36.51448282981001,-4.440381986190001,0.4666,0.445,90,O,2020yCat.1350....0G,20.608999252319336,21.909000396728516,19.888999938964844,19.06100082397461,,,,,,,,,,,,,,,,,,,,,,,,1.3107,1.82,0.714,*,XMM-LSS,True
VIDEO J022612.11-042331.54,36.55058134882,-4.3920704199300005,0.2766,0.2522,90,O,2020yCat.1350....0G,19.402000427246094,19.913000106811523,19.246999740600586,19.00200080871582,,,,,,,,,,,,,,,,,,,,,,,,0.6993,-0.816,-12.685,*,XMM-LSS,True
VIDEO J022709.33-042537.94,36.78890276586001,-4.42720120192,1.0153,0.7521,90,O,2020yCat.1350....0G,20.63599967956543,21.214000701904297,20.417999267578125,20.134000778198242,,,,,,,,,,,,,,,,,,,,,,,,2.145,3.302,-6.165,*,XMM-LSS,True
VVDS J022613.70-041846.4,36.55713190601001,-4.312926139579999,0.6783,0.5578,90,O,2020yCat.1350....0G,20.378999710083008,20.757999420166016,20.277999877929688,20.10300064086914,,,,,,,,,,,,,,,,,,,,,,,,,-1.063,-6.036,*,XMM-LSS,True
VIDEO J022546.77-042944.03,36.44495855658,-4.495573672830001,0.5861,0.6178,90,O,2020yCat.1350....0G,20.384000778198242,20.65399932861328,20.43000030517578,20.357999801635742,,,,,,,,,,,,,,,,,,,,,,,,0.3787,-0.227,-1.233,*,XMM-LSS,True
VIDEO J022718.60-043049.98,36.82753460286,-4.5138461056,0.793,0.7146,90,O,2020yCat.1350....0G,20.909000396728516,22.042999267578125,20.413000106811523,19.881000518798828,,,,,,,,,,,,,,,,,,,,,,,,0.834,6.908,-9.354,*,XMM-LSS,True
VVDS J022624.71-042545.8,36.60302461808999,-4.42947201716,0.9097,0.7608,90,O,2020yCat.1350....0G,20.905000686645508,22.02199935913086,20.371000289916992,19.801000595092773,,,,,,,,,,,,,,,,,,,,,,,,1.2744,5.993,-6.868,*,XMM-LSS,True
VIDEO J022629.40-044444.90,36.622523179229994,-4.745818848840001,0.5653,0.5947,90,O,2020yCat.1350....0G,20.19499969482422,20.70599937438965,20.08799934387207,19.909000396728516,,,,,,,,,,,,,,,,,,,,,,,,,2.815,-4.175,*,XMM-LSS,True
VIDEO J022549.64-043720.22,36.45687650132,-4.62227693281,0.1575,0.1429,90,O,2020yCat.1350....0G,18.572999954223633,19.05699920654297,18.447999954223633,18.268999099731445,,,,,,,,,,,,,,,,,,,,,,,,0.3197,5.503,-8.802,*,XMM-LSS,True
VIDEO J022603.54-041057.49,36.51479482221,-4.182681894379999,0.3433,0.2906,90,O,2020yCat.1350....0G,19.579999923706055,20.034000396728516,19.496999740600586,19.29400062561035,,,,,,,,,,,,,,,,,,,,,,,,,2.532,-2.588,*,XMM-LSS,True
VVDS J022702.28-043459.0,36.75949987715,-4.5831368155,0.6704,0.7325,90,O,2020yCat.1350....0G,20.645999908447266,20.981000900268555,20.608999252319336,20.476999282836914,,,,,,,,,,,,,,,,,,,,,,,,,-0.08,-2.667,*,XMM-LSS,True
VVDS J022615.36-042713.4,36.56403948045999,-4.45383673613,0.5147,0.4787,90,O,2020yCat.1350....0G,20.32200050354004,20.777000427246094,20.20800018310547,20.025999069213867,,,,,,,,,,,,,,,,,,,,,,,,0.2848,-0.227,-2.354,*,XMM-LSS,True
VIDEO J022641.08-043752.73,36.6711920731,-4.63130683486,0.638,0.5561,90,O,2020yCat.1350....0G,20.288999557495117,20.77899932861328,20.173999786376953,19.975000381469727,,,,,,,,,,,,,,,,,,,,,,,,0.1544,1.283,-4.256,*,XMM-LSS,True
VVDS J022508.09-044114.3,36.28372916666666,-4.687316666666667,,,,,2005A&A...439..845L,20.319000244140625,21.386999130249023,19.819000244140625,19.42300033569336,,,,,,,,,,,,,,,,,,,,,,,,,,,*,XMM-LSS,True
VIDEO J022643.04-041246.60,36.67937456066,-4.212977938239999,0.3309,0.2556,90,O,2020yCat.1350....0G,19.591999053955078,20.687999725341797,19.05500030517578,18.548999786376953,,,,,,,,,,,,,,,,,,,,,,,,,0.164,-1.52,*,XMM-LSS,True
VVDS 020135893,36.33449418688,-4.709343478320001,0.2382,0.1889,90,O,2020yCat.1350....0G,19.768999099731445,21.170000076293945,18.993999481201172,18.104000091552734,,,,,,,,,,,,,,,,,,,,,,,,0.3261,6.712,-18.809,*,XMM-LSS,True
VIDEO J022559.39-042450.90,36.49752049410001,-4.41411591754,0.2038,0.2,90,O,2020yCat.1350....0G,19.134000778198242,19.825000762939453,18.892000198364258,18.600000381469727,,,,,,,,,,,,,,,,,,,,,,,,0.2121,9.133,-8.654,*,XMM-LSS,True
VIDEO J022615.50-043302.18,36.56466114343,-4.55061542672,1.0636,0.9603,90,O,2020yCat.1350....0G,20.672000885009766,21.19300079345703,20.5939998626709,20.43899917602539,,,,,,,,,,,,,,,,,,,,,,,,,,,*,XMM-LSS,True
VIDEO J022613.47-044009.55,36.55615687211,-4.669314722299999,1.2137,1.0664,90,O,2020yCat.1350....0G,20.81800079345703,21.67300033569336,20.516000747680664,20.27199935913086,,,,,,,,,,,,,,,,,,,,,,,,2.9879,8.95,-8.284,*,XMM-LSS,True
VIDEO J022610.58-042101.04,36.54419194634,-4.35029698324,1.3867,1.6634,90,O,2020yCat.1350....0G,20.790000915527344,21.160999298095703,20.70599937438965,20.552000045776367,,,,,,,,,,,,,,,,,,,,,,,,,,,*,XMM-LSS,True
VIDEO J022557.25-042016.80,36.488593905719995,-4.33800205984,0.4181,0.4029,90,O,2020yCat.1350....0G,20.107999801635742,20.96299934387207,19.760000228881836,19.391000747680664,,,,,,,,,,,,,,,,,,,,,,,,0.045,1.92,-5.606,*,XMM-LSS,True
VIDEO J022701.69-042850.80,36.75706625073,-4.48078083287,0.4134,0.3589,90,O,2020yCat.1350....0G,20.18600082397461,21.424999237060547,19.554000854492188,18.864999771118164,,,,,,,,,,,,,,,,,,,,,,,,0.0874,2.15,-1.734,*,XMM-LSS,True
VIDEO J022548.81-044752.99,36.4534205492,-4.798061160279999,0.45,0.3767,90,O,2020yCat.1350....0G,19.96500015258789,20.59600067138672,19.733999252319336,19.47599983215332,,,,,,,,,,,,,,,,,,,,,,,,0.0281,5.917,-1.368,*,XMM-LSS,True
VIDEO J022655.33-044454.57,36.73060192041,-4.7484738607,1.067,1.0435,90,O,2020yCat.1350....0G,20.933000564575195,21.30500030517578,20.863000869750977,20.711999893188477,,,,,,,,,,,,,,,,,,,,,,,,,-3.339,-6.306,*,XMM-LSS,True
VIDEO J022644.64-044616.95,36.686020973039994,-4.77137231193,0.1765,0.1664,90,O,2020yCat.1350....0G,18.94099998474121,19.695999145507812,18.69099998474121,18.423999786376953,,,,,,,,,,,,,,,,,,,,,,,,0.1546,4.883,-3.075,*,XMM-LSS,True
VIDEO J022543.74-042743.93,36.43234425626,-4.46220783799,0.3621,0.3279,90,O,2020yCat.1350....0G,20.613000869750977,21.992000579833984,19.804000854492188,18.46299934387207,,,,,,,,,,,,,,,,,,,,,,,,1.4878,-8.863,-2.596,*,XMM-LSS,True
VVDS J022634.35-042741.4,36.64315833333334,-4.461519444444445,,,,,2005A&A...439..845L,19.61400032043457,20.107999801635742,19.56399917602539,19.295000076293945,,,,,,,,,,,,,,,,,,,,,,,,,,,*,XMM-LSS,True
VIDEO J022750.30-043221.81,36.959614646,-4.53938692235,3.1814,1.5228,90,O,2020yCat.1350....0G,20.774999618530273,21.264999389648438,20.68000030517578,20.54800033569336,,,,,,,,,,,,,,,,,,,,,,,,,,,*,XMM-LSS,True
VIDEO J022655.16-043355.16,36.72988219324999,-4.56533687837,1.5243,1.2076,90,O,2020yCat.1350....0G,20.847000122070312,21.316999435424805,20.795000076293945,20.597999572753906,,,,,,,,,,,,,,,,,,,,,,,,,,,*,XMM-LSS,True
VIDEO J022709.05-041942.53,36.78776993697,-4.32852720022,0.7915,0.5843,90,O,2020yCat.1350....0G,20.459999084472656,21.094999313354492,20.18899917602539,19.909000396728516,,,,,,,,,,,,,,,,,,,,,,,,1.3646,2.53,-3.332,*,XMM-LSS,True
VVDS J022633.89-044207.1,36.6412359671,-4.70211731108,0.4448,0.439,90,O,2020yCat.1350....0G,20.073999404907227,20.51099967956543,19.988000869750977,19.82900047302246,,,,,,,,,,,,,,,,,,,,,,,,,3.593,-1.993,*,XMM-LSS,True
VIDEO J022631.54-042035.31,36.6315007244,-4.34314385836,1.2194,0.7148,90,O,2020yCat.1350....0G,20.854999542236328,22.051000595092773,20.132999420166016,18.96500015258789,,,,,,,,,,,,,,,,,,,,,,,,,-1.615,-8.197,*,XMM-LSS,True
VVDS J022706.93-043406.6,36.778875,-4.568502777777778,,,,,2005A&A...439..845L,19.76099967956543,20.266000747680664,20.558000564575195,19.898000717163086,,,,,,,,,,,,,,,,,,,,,,,,,,,*,XMM-LSS,True
VIDEO J022552.64-042306.14,36.46943915174,-4.38504472061,0.4859,0.5061,90,O,2020yCat.1350....0G,20.933000564575195,22.270999908447266,20.256000518798828,19.319000244140625,,,,,,,,,,,,,,,,,,,,,,,,0.6286,1.667,0.242,*,XMM-LSS,True
VIDEO J022728.19-044129.44,36.86747206078,-4.69155087644,0.6844,0.677,90,O,2020yCat.1350....0G,20.37700080871582,20.777999877929688,20.31800079345703,20.202999114990234,,,,,,,,,,,,,,,,,,,,,,,,0.2398,0.121,-2.122,*,XMM-LSS,True
SXDSPM J021936.2-050341,34.90129772959,-5.06145871973,1.3223,1.0487,90,O,2020yCat.1350....0G,20.80900001525879,,20.270999908447266,,,,,,,,,,,,,,,,,,,,,,,,,,67.0,10.0,*,XMM-LSS,True
SDSS J021726.52-050827.3,34.36053599748,-5.14093176459,0.4795,0.3787,90,O,2020yCat.1350....0G,19.8700008392334,20.035999298095703,19.825000762939453,,sdA,,,,,,,,,,,,,,,,,,,,,,,,-0.622,-2.598,*,XMM-LSS,True
VIDEO J022511.94-042326.29,36.299729166666665,-4.3906,,,,,2005A&A...439..845L,20.913999557495117,22.260000228881836,20.47100067138672,20.0049991607666,,,,,,,,,,,,,,,,,,,,,,,,,,,*,XMM-LSS,True
VIDEO J022706.45-043024.60,36.77692916666667,-4.506716666666667,,,,,2005A&A...439..845L,20.408000946044922,21.31399917602539,20.124000549316406,19.719999313354492,,,,,,,,,,,,,,,,,,,,,,,,,,,*,XMM-LSS,True
SXDSPM J021744.6-052116,34.43604128476,-5.35458504268,0.5222,0.3389,90,O,2020yCat.1350....0G,20.260000228881836,,19.764999389648438,,,,,,,,,,,,,,,,,,,,,,,,,,25.457,-8.503,*,XMM-LSS,True
SXDSPM J021850.4-053200,34.70994892584,-5.533397764839999,0.7408,0.4732,90,O,2020yCat.1350....0G,20.81800079345703,,20.125999450683594,,,,,,,,,,,,,,,,,,,,,,,,,,24.942,-41.552,*,XMM-LSS,True
SXDSPM J021903.0-053131,34.76252730025,-5.525508168660001,0.6178,0.465,90,O,2020yCat.1350....0G,20.96299934387207,,20.194000244140625,,,,,,,,,,,,,,,,,,,,,,,,,1.6102,-19.989,-33.352,*,XMM-LSS,True
SXDSPM J021936.0-051658,34.90003702078,-5.283082017060001,0.524,0.4701,90,O,2020yCat.1350....0G,20.37299919128418,,19.878000259399414,,,,,,,,,,,,,,,,,,,,,,,,,1.1048,4.776,-18.05,*,XMM-LSS,True
SXDSPM J021958.4-044516,34.9933199957,-4.75448756746,0.8101,0.6434,90,O,2020yCat.1350....0G,20.86199951171875,,20.1560001373291,,,,,,,,,,,,,,,,,,,,,,,,,,32.147,-19.709,*,XMM-LSS,True
VIDEO J022748.54-041215.38,36.952219435960004,-4.204285575660001,0.1252,0.1107,90,O,2020yCat.1350....0G,18.243000030517578,18.69099998474121,18.298999786376953,17.891000747680664,,,,,,,,,,,,,,,,,,,,,,,,0.3524,19.499,-4.283,*,XMM-LSS,True
VIDEO J022548.38-041551.51,36.45162531426999,-4.26432379502,0.4654,0.4403,90,O,2020yCat.1350....0G,20.989999771118164,22.454999923706055,20.191999435424805,18.851999282836914,,,,,,,,,,,,,,,,,,,,,,,,1.108,8.1,-5.14,*,XMM-LSS,True
VIDEO J022735.62-041622.51,36.89846556428001,-4.27293864961,0.712,0.5671,90,O,2020yCat.1350....0G,20.378000259399414,20.76300048828125,20.275999069213867,20.094999313354492,,,,,,,,,,,,,,,,,,,,,,,,0.5743,2.267,-4.807,*,XMM-LSS,True
VIDEO J022615.50-042219.21,36.56465792313,-4.372009028909999,0.2778,0.247,90,O,2020yCat.1350....0G,19.218000411987305,19.679000854492188,19.093000411987305,18.861000061035156,,,,,,,,,,,,,,,,,,,,,,,,0.9403,12.307,-1.249,*,XMM-LSS,True
VVDS J022618.46-042711.9,36.57694829306,-4.453425211090001,0.4053,0.3659,90,O,2020yCat.1350....0G,20.20400047302246,21.452999114990234,19.565000534057617,18.82200050354004,,,,,,,,,,,,,,,,,,,,,,,,,8.242,-8.389,*,XMM-LSS,True
VIDEO J022659.70-042901.98,36.74879035326,-4.4838869233,0.5184,0.4938,90,O,2020yCat.1350....0G,20.53700065612793,21.670000076293945,19.9950008392334,19.44099998474121,,,,,,,,,,,,,,,,,,,,,,,,,2.225,-1.547,*,XMM-LSS,True
VIDEO J022735.51-042920.71,36.89799823259,-4.48908471669,0.422,0.3353,90,O,2020yCat.1350....0G,20.160999298095703,21.37299919128418,19.54599952697754,18.909000396728516,,,,,,,,,,,,,,,,,,,,,,,,0.1837,3.971,-0.808,*,XMM-LSS,True
VIDEO J022507.99-043006.60,36.28331128255,-4.50185974078,0.5051,0.4674,90,O,2020yCat.1350....0G,20.45599937438965,,20.368000030517578,20.52199935913086,,,,,,,,,,,,,,,,,,,,,,,,,1.694,-8.318,*,XMM-LSS,True
VIDEO J022524.91-043100.80,36.35385089825,-4.51692478999,0.4798,0.4499,90,O,2020yCat.1350....0G,20.163000106811523,20.566999435424805,20.12700080871582,19.9950008392334,,,,,,,,,,,,,,,,,,,,,,,,0.8779,-1.393,-3.218,*,XMM-LSS,True
VIDEO J022519.41-043105.11,36.33093125642,-4.518138769389999,0.1478,0.1135,90,O,2020yCat.1350....0G,18.219999313354492,18.663999557495117,18.104000091552734,18.02400016784668,,,,,,,,,,,,,,,,,,,,,,,,,0.373,-1.317,*,XMM-LSS,True
VVDS J022813.95-043115.3,37.05809979873,-4.5209886492999996,0.6421,0.6099,90,O,2020yCat.1350....0G,20.368000030517578,21.17300033569336,20.106000900268555,19.809999465942383,,,,,,,,,,,,,,,,,,,,,,,,,1.651,-2.39,*,XMM-LSS,True
VIDEO J022548.97-043232.54,36.45411721858999,-4.5423778409299995,0.6961,0.7114,90,O,2020yCat.1350....0G,20.541000366210938,20.97800064086914,20.422000885009766,20.301000595092773,,,,,,,,,,,,,,,,,,,,,,,,,2.724,-2.998,*,XMM-LSS,True
VIDEO J022520.32-043939.80,36.334694611139994,-4.66104809941,0.5247,0.5744,90,O,2020yCat.1350....0G,20.92300033569336,22.29400062561035,20.155000686645508,19.261999130249023,,,,,,,,,,,,,,,,,,,,,,,,0.0347,0.979,-14.979,*,XMM-LSS,True
VIDEO J022720.62-041246.87,36.83595306079,-4.213059501449999,0.6112,0.5154,90,O,2020yCat.1350....0G,20.32900047302246,20.690000534057617,20.176000595092773,20.069000244140625,,,,,,,,,,,,,,,,,,,,,,,,0.9633,1.776,-3.091,*,XMM-LSS,True
VIDEO J022642.06-044013.46,36.67527521507,-4.670400676760001,0.339,0.3283,90,O,2020yCat.1350....0G,19.68600082397461,20.106000900268555,19.628999710083008,19.488000869750977,,,,,,,,,,,,,,,,,,,,,,,,,-0.353,-3.219,*,XMM-LSS,True
VIDEO J022544.36-043732.37,36.43488541264001,-4.625683172080001,1.3138,1.2331,90,O,2020yCat.1350....0G,20.674999237060547,21.077999114990234,20.575000762939453,20.45800018310547,,,,,,,,,,,,,,,,,,,,,,,,0.0276,2.264,-2.49,*,XMM-LSS,True
VIDEO J022529.82-043400.93,36.374284864109995,-4.56692517513,0.1848,0.1761,90,O,2020yCat.1350....0G,18.95800018310547,19.518999099731445,18.783000946044922,18.625,,,,,,,,,,,,,,,,,,,,,,,,0.037,8.683,-16.123,*,XMM-LSS,True
VIDEO J022510.47-042639.78,36.29365531276,-4.44441844709,0.9841,1.1792,90,O,2020yCat.1350....0G,20.7189998626709,21.054000854492188,20.67799949645996,20.58300018310547,,,,,,,,,,,,,,,,,,,,,,,,0.0015,0.631,-1.397,*,XMM-LSS,True
VVDS 020375868,36.42229864490999,-4.17813712859,0.1164,0.098,90,O,2020yCat.1350....0G,17.993000030517578,18.69700050354004,17.792999267578125,17.690000534057617,,,,,,,,,,,,,,,,,,,,,,,,,-0.003,-1.996,*,XMM-LSS,True
