simbad_id,spectral_type,mk_class_simple,V_mag,ra_deg,dec_deg,field,n_visits_total,n_u,n_g,n_r,n_i,n_z,n_y,lsst_tract,lsst_patch,lsst_objectId,lsst_ra,lsst_dec,separation_arcsec,match_status,lsst-obj_tract,lsst-obj_patch,lsst-obj_coord_ra,lsst-obj_coord_raErr,lsst-obj_coord_dec,lsst-obj_coord_decErr,lsst-obj_coord_flag,lsst-obj_ebv,lsst-obj_u_ap12Flux,lsst-obj_u_ap12FluxErr,lsst-obj_u_ap17Flux,lsst-obj_u_ap17FluxErr,lsst-obj_u_ap25Flux,lsst-obj_u_ap25FluxErr,lsst-obj_u_ap50Flux,lsst-obj_u_ap50FluxErr,lsst-obj_u_psfFlux,lsst-obj_u_psfFluxErr,lsst-obj_g_ap12Flux,lsst-obj_g_ap12FluxErr,lsst-obj_g_ap17Flux,lsst-obj_g_ap17FluxErr,lsst-obj_g_ap25Flux,lsst-obj_g_ap25FluxErr,lsst-obj_g_ap50Flux,lsst-obj_g_ap50FluxErr,lsst-obj_g_psfFlux,lsst-obj_g_psfFluxErr,lsst-obj_r_ap12Flux,lsst-obj_r_ap12FluxErr,lsst-obj_r_ap17Flux,lsst-obj_r_ap17FluxErr,lsst-obj_r_ap25Flux,lsst-obj_r_ap25FluxErr,lsst-obj_r_ap50Flux,lsst-obj_r_ap50FluxErr,lsst-obj_r_psfFlux,lsst-obj_r_psfFluxErr,lsst-obj_i_ap12Flux,lsst-obj_i_ap12FluxErr,lsst-obj_i_ap17Flux,lsst-obj_i_ap17FluxErr,lsst-obj_i_ap25Flux,lsst-obj_i_ap25FluxErr,lsst-obj_i_ap50Flux,lsst-obj_i_ap50FluxErr,lsst-obj_i_psfFlux,lsst-obj_i_psfFluxErr,lsst-obj_z_ap12Flux,lsst-obj_z_ap12FluxErr,lsst-obj_z_ap17Flux,lsst-obj_z_ap17FluxErr,lsst-obj_z_ap25Flux,lsst-obj_z_ap25FluxErr,lsst-obj_z_ap50Flux,lsst-obj_z_ap50FluxErr,lsst-obj_z_psfFlux,lsst-obj_z_psfFluxErr,lsst-obj_y_ap12Flux,lsst-obj_y_ap12FluxErr,lsst-obj_y_ap17Flux,lsst-obj_y_ap17FluxErr,lsst-obj_y_ap25Flux,lsst-obj_y_ap25FluxErr,lsst-obj_y_ap50Flux,lsst-obj_y_ap50FluxErr,lsst-obj_y_psfFlux,lsst-obj_y_psfFluxErr,lsst-obj_u_ra,lsst-obj_u_raErr,lsst-obj_u_dec,lsst-obj_u_decErr,lsst-obj_u_sizeExtendedness,lsst-obj_u_sizeExtendedness_flag,lsst-obj_u_blendedness,lsst-obj_u_invalidPsfFlag,lsst-obj_u_inputCount,lsst-obj_g_ra,lsst-obj_g_raErr,lsst-obj_g_dec,lsst-obj_g_decErr,lsst-obj_g_sizeExtendedness,lsst-obj_g_sizeExtendedness_flag,lsst-obj_g_blendedness,lsst-obj_g_invalidPsfFlag,lsst-obj_g_inputCount,lsst-obj_r_ra,lsst-obj_r_raErr,lsst-obj_r_dec,lsst-obj_r_decErr,lsst-obj_r_sizeExtendedness,lsst-obj_r_sizeExtendedness_flag,lsst-obj_r_blendedness,lsst-obj_r_invalidPsfFlag,lsst-obj_r_inputCount,lsst-obj_i_ra,lsst-obj_i_raErr,lsst-obj_i_dec,lsst-obj_i_decErr,lsst-obj_i_sizeExtendedness,lsst-obj_i_sizeExtendedness_flag,lsst-obj_i_blendedness,lsst-obj_i_invalidPsfFlag,lsst-obj_i_inputCount,lsst-obj_z_ra,lsst-obj_z_raErr,lsst-obj_z_dec,lsst-obj_z_decErr,lsst-obj_z_sizeExtendedness,lsst-obj_z_sizeExtendedness_flag,lsst-obj_z_blendedness,lsst-obj_z_invalidPsfFlag,lsst-obj_z_inputCount,lsst-obj_y_ra,lsst-obj_y_raErr,lsst-obj_y_dec,lsst-obj_y_decErr,lsst-obj_y_sizeExtendedness,lsst-obj_y_sizeExtendedness_flag,lsst-obj_y_blendedness,lsst-obj_y_invalidPsfFlag,lsst-obj_y_inputCount,rubin_tract,rubin_patch,rubin_coord_ra,rubin_coord_raErr,rubin_coord_dec,rubin_coord_decErr,rubin_coord_flag,rubin_ebv,rubin_u_ap12Flux,rubin_u_ap12FluxErr,rubin_u_ap17Flux,rubin_u_ap17FluxErr,rubin_u_ap25Flux,rubin_u_ap25FluxErr,rubin_u_ap50Flux,rubin_u_ap50FluxErr,rubin_u_psfFlux,rubin_u_psfFluxErr,rubin_g_ap12Flux,rubin_g_ap12FluxErr,rubin_g_ap17Flux,rubin_g_ap17FluxErr,rubin_g_ap25Flux,rubin_g_ap25FluxErr,rubin_g_ap50Flux,rubin_g_ap50FluxErr,rubin_g_psfFlux,rubin_g_psfFluxErr,rubin_r_ap12Flux,rubin_r_ap12FluxErr,rubin_r_ap17Flux,rubin_r_ap17FluxErr,rubin_r_ap25Flux,rubin_r_ap25FluxErr,rubin_r_ap50Flux,rubin_r_ap50FluxErr,rubin_r_psfFlux,rubin_r_psfFluxErr,rubin_i_ap12Flux,rubin_i_ap12FluxErr,rubin_i_ap17Flux,rubin_i_ap17FluxErr,rubin_i_ap25Flux,rubin_i_ap25FluxErr,rubin_i_ap50Flux,rubin_i_ap50FluxErr,rubin_i_psfFlux,rubin_i_psfFluxErr,rubin_z_ap12Flux,rubin_z_ap12FluxErr,rubin_z_ap17Flux,rubin_z_ap17FluxErr,rubin_z_ap25Flux,rubin_z_ap25FluxErr,rubin_z_ap50Flux,rubin_z_ap50FluxErr,rubin_z_psfFlux,rubin_z_psfFluxErr,rubin_y_ap12Flux,rubin_y_ap12FluxErr,rubin_y_ap17Flux,rubin_y_ap17FluxErr,rubin_y_ap25Flux,rubin_y_ap25FluxErr,rubin_y_ap50Flux,rubin_y_ap50FluxErr,rubin_y_psfFlux,rubin_y_psfFluxErr,rubin_u_ra,rubin_u_raErr,rubin_u_dec,rubin_u_decErr,rubin_u_sizeExtendedness,rubin_u_sizeExtendedness_flag,rubin_u_blendedness,rubin_u_invalidPsfFlag,rubin_u_inputCount,rubin_g_ra,rubin_g_raErr,rubin_g_dec,rubin_g_decErr,rubin_g_sizeExtendedness,rubin_g_sizeExtendedness_flag,rubin_g_blendedness,rubin_g_invalidPsfFlag,rubin_g_inputCount,rubin_r_ra,rubin_r_raErr,rubin_r_dec,rubin_r_decErr,rubin_r_sizeExtendedness,rubin_r_sizeExtendedness_flag,rubin_r_blendedness,rubin_r_invalidPsfFlag,rubin_r_inputCount,rubin_i_ra,rubin_i_raErr,rubin_i_dec,rubin_i_decErr,rubin_i_sizeExtendedness,rubin_i_sizeExtendedness_flag,rubin_i_blendedness,rubin_i_invalidPsfFlag,rubin_i_inputCount,rubin_z_ra,rubin_z_raErr,rubin_z_dec,rubin_z_decErr,rubin_z_sizeExtendedness,rubin_z_sizeExtendedness_flag,rubin_z_blendedness,rubin_z_invalidPsfFlag,rubin_z_inputCount,rubin_y_ra,rubin_y_raErr,rubin_y_dec,rubin_y_decErr,rubin_y_sizeExtendedness,rubin_y_sizeExtendedness_flag,rubin_y_blendedness,rubin_y_invalidPsfFlag,rubin_y_inputCount
SDSS J100158.92+021246.1,A0,A,18.95599937438965,150.49553378305,2.2128088596900004,COSMOS,2333,204,401,484,700,416,128,9813,43,7.880133178378478e+17,150.4955205538976,2.2127462612723052,0.23032437265316882,matched,9813.0,43.0,150.4955205538976,6.834038401848375e-08,2.2127462612723052,6.069942060094036e-08,False,0.016302788630127907,51101.90234375,72.58203887939453,52178.4375,96.04154968261719,52808.73046875,134.92710876464844,53955.72265625,260.7745361328125,51509.32421875,55.84885025024414,103062.7890625,37.603397369384766,105057.796875,47.94166946411133,106052.5859375,65.56512451171875,107615.1796875,124.08887481689453,102134.5234375,31.641883850097656,112258.796875,42.01848220825195,115321.1875,56.534671783447266,116621.9453125,80.2873306274414,118213.9765625,156.7028350830078,111546.9921875,30.287935256958008,112572.3828125,68.41500091552734,115323.4765625,94.70565795898438,116505.59375,136.91273498535156,118844.640625,270.6997375488281,110711.828125,38.49433135986328,108915.3515625,141.8199005126953,112464.4765625,200.03622436523438,113584.3203125,292.1780700683594,116603.5234375,580.4521484375,105317.53125,72.41805267333984,106478.8671875,452.26898193359375,111425.6875,642.4866943359375,113259.7890625,942.4743041992188,116726.2421875,1874.044921875,101530.4375,224.24131774902344,150.49551857034905,2.626103139391489e-07,2.2127506836811643,2.629769255690917e-07,0.0007719866116531193,False,-339.23577880859375,False,71.0,150.49552689415927,6.231334737094585e-08,2.2127351701401254,6.597097268468133e-08,0.0017419892828911543,False,-2402.53076171875,False,75.0,150.49552089876607,5.659426349780006e-08,2.212744961559022,6.131896412853166e-08,0.00024069858773145825,False,-1233.366455078125,False,129.0,150.4955205538976,6.834038401848375e-08,2.2127462612723052,6.069942060094036e-08,4.038505721837282e-05,False,-944.40234375,False,104.0,150.49551988490225,1.4908955847658945e-07,2.2127469160372297,1.4107720858191897e-07,0.0007902857032604516,False,-419.614990234375,False,73.0,150.49551761661166,4.4461384618443844e-07,2.2127489948036816,5.608488891084562e-07,0.0061377487145364285,False,-118.98458862304688,False,48.0,,,,,,,,,,,,,,,,,,,,,,,,,,,,,,,,,,,,,,,,,,,,,,,,,,,,,,,,,,,,,,,,,,,,,,,,,,,,,,,,,,,,,,,,,,,,,,,,,,,,,,,,,,,,,,,,,,,,,,,,,,
SDSS J100221.95+022041.8,M3,M,20.959999084472656,150.59147001263,2.34495185184,COSMOS,2330,204,401,482,699,416,128,9813,52,7.88013936313136e+17,150.5913932906662,2.344915773263765,0.3050045561289978,matched,9813.0,52.0,150.5913932906662,7.075074393014802e-08,2.344915773263765,6.436390265207592e-08,False,0.01767796091735363,971.2019653320312,62.95809555053711,1030.439453125,89.70648956298828,1158.5992431640625,132.0843963623047,1764.3685302734375,263.6954040527344,871.1550903320312,31.87737274169922,9030.4892578125,30.565013885498047,9144.58984375,42.97896194458008,9322.74609375,62.7487907409668,10299.7822265625,125.25757598876953,9116.91796875,15.757402420043945,28896.306640625,39.9993896484375,29535.98046875,56.02030944824219,29851.482421875,81.64765167236328,31431.375,161.8992919921875,28968.439453125,22.14229965209961,101180.9921875,68.09803771972656,102764.7109375,94.41160583496094,103520.5625,136.6854705810547,105761.5,270.36663818359375,101678.2265625,37.52335739135742,181231.703125,152.74342346191406,184550.96875,213.07284545898438,186032.5,309.7784729003906,188598.0625,613.7803344726562,181076.71875,84.0368881225586,232430.03125,422.3111877441406,239447.1875,594.689697265625,242928.96875,869.19091796875,246891.609375,1728.1126708984375,233129.5625,226.09259033203125,150.59139222459584,9.488499017606955e-06,2.3449191441625428,1.0773229405458551e-05,0.19588503241539001,False,-4.732356071472168,False,74.0,150.5913898530437,3.547637561496231e-07,2.3449205167068046,3.7997449453541776e-07,0.0014149126363918185,False,-121.07671356201172,False,68.0,150.59139052769606,1.5685907328588655e-07,2.344917102352231,1.7106818006595859e-07,3.2467152777826414e-05,False,-276.4078063964844,False,126.0,150.5913932906662,7.075074393014802e-08,2.344915773263765,6.436390265207592e-08,0.00011462879774626344,False,-860.6600952148438,False,119.0,150.5913936693096,9.59514281362317e-08,2.344912526457384,9.1905981491891e-08,0.0001049475249601528,False,-740.1487426757812,False,74.0,150.59139399224773,1.899199588706324e-07,2.3449133639323545,2.453973593219416e-07,4.197434464003891e-05,False,-294.21746826171875,False,54.0,,,,,,,,,,,,,,,,,,,,,,,,,,,,,,,,,,,,,,,,,,,,,,,,,,,,,,,,,,,,,,,,,,,,,,,,,,,,,,,,,,,,,,,,,,,,,,,,,,,,,,,,,,,,,,,,,,,,,,,,,,
SDSS J095808.75+020000.9,F8,F,19.211000442504883,149.5364898988521,2.0002543319886112,COSMOS,2330,204,401,480,698,417,130,9813,39,7.880130429599364e+17,149.53647358592585,2.0002557834088828,0.05892288205510916,matched,9813.0,39.0,149.53647358592585,6.735912450039905e-08,2.0002557834088828,6.009826591935052e-08,False,0.0193525068461895,31736.236328125,68.14933776855469,32424.384765625,92.34632873535156,32656.404296875,131.9355926513672,33695.15625,258.6307678222656,31805.53125,47.50677490234375,73959.90625,34.526363372802734,75256.453125,45.0974235534668,75864.3046875,62.93382263183594,77035.953125,121.04061126708984,73399.6875,26.894569396972656,103896.8984375,41.28300476074219,106429.84375,55.61601257324219,107457.6015625,79.16636657714844,109324.9453125,154.54092407226562,103495.3984375,29.557876586914062,117543.5625,68.8466796875,119782.28125,95.00826263427734,120692.0,137.243896484375,122677.453125,270.8940124511719,116660.03125,39.46470642089844,120208.75,136.77841186523438,123047.7734375,192.09182739257812,124439.921875,280.43487548828125,127119.140625,557.716552734375,119283.3125,71.65934753417969,120272.5234375,410.0673522949219,123995.09375,581.0949096679688,125305.8203125,852.422119140625,131013.8828125,1703.2899169921875,119976.4375,200.5896453857422,149.5364744437092,3.7165503385949705e-07,2.0002566700921487,3.736593612302386e-07,1.2199955563119147e-05,False,-221.62673950195312,False,70.0,149.53647822418208,7.47934620903834e-08,2.0002505332193845,7.895766174215169e-08,0.0011762970825657248,False,-964.7726440429688,False,77.0,149.53647338690192,5.9769888594019e-08,2.0002557088987953,6.505226224362559e-08,0.0006111774710007012,False,-841.0211181640625,False,128.0,149.53647358592585,6.735912450039905e-08,2.0002557834088828,6.009826591935052e-08,0.0005827860441058874,False,-745.24462890625,False,110.0,149.5364736634335,1.3010111388211953e-07,2.0002560373531497,1.2836930807225144e-07,0.0007002573111094534,False,-279.9656982421875,False,80.0,149.53647375941446,3.286264700363972e-07,2.0002552736508923,3.868914291160763e-07,0.0011255777208134532,False,-120.34761047363281,False,54.0,,,,,,,,,,,,,,,,,,,,,,,,,,,,,,,,,,,,,,,,,,,,,,,,,,,,,,,,,,,,,,,,,,,,,,,,,,,,,,,,,,,,,,,,,,,,,,,,,,,,,,,,,,,,,,,,,,,,,,,,,,
2MASS J10000275+0231274,M4V,M,18.833999633789062,150.01147509353,2.5243142632300004,COSMOS,2329,204,401,482,696,416,130,9813,66,7.880148983858107e+17,150.0113934885072,2.5241938039633034,0.5236347862213759,matched,9813.0,66.0,150.0113934885072,2.0736175443403226e-08,2.5241938039633034,1.857521070292023e-08,False,0.017377294600009918,6522.7265625,61.97508239746094,6584.240234375,87.4738540649414,6638.1943359375,128.05450439453125,8183.58447265625,255.3432159423828,6388.8251953125,34.05412292480469,69332.078125,34.655113220214844,70176.390625,45.48733139038086,70358.6015625,63.6937255859375,71894.328125,122.56937408447266,69655.640625,26.71426773071289,226582.546875,47.60396194458008,230416.671875,61.2010612487793,230827.203125,84.20002746582031,232998.734375,159.34646606445312,226755.9375,41.47220230102539,809715.75,93.87505340576172,820647.6875,115.9054183959961,822249.125,154.376220703125,826117.5625,284.21356201171875,809852.75,86.78113555908203,1444154.0,181.47021484375,1468477.625,229.13185119628906,1472010.375,310.7935485839844,1478632.25,580.801513671875,1448917.375,161.5303955078125,1878417.625,510.2278747558594,1924616.625,672.4458618164062,1930502.375,943.2548217773438,1940913.5,1822.3765869140625,1885558.5,402.9939880371094,150.01138888003152,1.3301391845743638e-06,2.524202020133259,1.371338271383138e-06,0.002179558854550123,False,-36.69468307495117,False,71.0,150.01138807971816,7.673867230550968e-08,2.524201093999768,8.189746836251288e-08,0.0018593320855870843,False,-1342.9808349609375,False,73.0,150.01139206305447,3.713537211069706e-08,2.5241964064448927,4.0539724466270854e-08,3.2989726605592296e-05,False,-3103.980712890625,False,126.0,150.0113934885072,2.0736175443403226e-08,2.5241938039633034,1.857521070292023e-08,0.00017172141815535724,False,-9310.13671875,False,109.0,150.01139406751682,2.337941751306971e-08,2.524193247048879,2.2278900502215038e-08,0.00023667799541726708,False,-8828.7333984375,False,80.0,150.0113948734864,4.106128059788716e-08,2.5241930687572673,5.126748803263581e-08,0.0009275211486965418,False,-2262.40576171875,False,50.0,,,,,,,,,,,,,,,,,,,,,,,,,,,,,,,,,,,,,,,,,,,,,,,,,,,,,,,,,,,,,,,,,,,,,,,,,,,,,,,,,,,,,,,,,,,,,,,,,,,,,,,,,,,,,,,,,,,,,,,,,,
SDSS J100109.02+021351.0,K7,K,18.92799949645996,150.28760715884,2.23083055898,COSMOS,2329,204,401,482,698,416,128,9813,44,7.880133865573272e+17,150.28758474627574,2.230818031780558,0.0923800018036597,matched,9813.0,44.0,150.28758474627574,4.0154841229878e-08,2.230818031780558,3.528583647494088e-08,False,0.016176126897335052,10197.4375,62.29191207885742,10572.7158203125,87.4227066040039,10793.103515625,127.16871643066406,12022.775390625,253.3451690673828,9640.4560546875,35.64516067504883,73621.6484375,35.32192611694336,74935.859375,46.19697189331055,75519.984375,64.32284545898438,76518.078125,123.97686767578125,73305.40625,27.663854598999023,168706.4375,44.58543395996094,172560.484375,58.509456634521484,173958.53125,81.63195037841797,175865.046875,157.2196044921875,167893.890625,35.837337493896484,232883.421875,71.36251831054688,237049.625,96.24345397949219,239035.25,136.7471466064453,241123.6875,267.41156005859375,231655.015625,47.81887435913086,267310.5,146.8332977294922,273549.9375,203.09707641601562,276208.3125,293.3764343261719,279616.5625,581.85888671875,265629.53125,87.97429656982422,291077.84375,456.64892578125,300146.65625,640.1810302734375,303869.6875,930.1898193359375,310054.53125,1838.9781494140625,288508.625,249.381591796875,150.28759011331002,9.448088462704618e-07,2.230818162125795,9.353222480967815e-07,0.03101135604083538,False,-52.45164489746094,False,74.0,150.2875850620101,7.652919720158025e-08,2.230818891987785,7.951549463314223e-08,0.0002535691892262548,False,-1720.992919921875,False,69.0,150.28758369552395,4.35877325344336e-08,2.230819506043842,4.720646273881357e-08,8.776914000918623e-06,False,-2284.569580078125,False,124.0,150.28758474627574,4.0154841229878e-08,2.230818031780558,3.528583647494088e-08,3.671123704407364e-05,False,-2691.91650390625,False,114.0,150.2875846986431,7.188901207655363e-08,2.2308183056690543,6.693531418022758e-08,8.568166958866641e-05,False,-1127.23681640625,False,76.0,150.28758591453203,1.71453521602416e-07,2.230819162163126,2.095588200745624e-07,9.244471584679559e-05,False,-337.3573303222656,False,51.0,,,,,,,,,,,,,,,,,,,,,,,,,,,,,,,,,,,,,,,,,,,,,,,,,,,,,,,,,,,,,,,,,,,,,,,,,,,,,,,,,,,,,,,,,,,,,,,,,,,,,,,,,,,,,,,,,,,,,,,,,,
2MASS J10005451+0216050,M5,M,20.78400039672852,150.22711731319,2.2680931185299995,COSMOS,2329,204,401,482,698,416,128,9813,55,7.880141424715619e+17,150.22695223036789,2.2681269207846984,0.6061725186606635,matched,9813.0,55.0,150.22695223036789,4.881524517941216e-08,2.2681269207846984,4.4515413577528307e-08,False,0.016830991953611374,1048.5635986328125,60.111793518066406,1014.5147094726562,85.71775817871094,1102.700927734375,125.67179870605469,2080.929931640625,251.6709442138672,1087.5418701171875,30.352283477783203,10393.9716796875,29.64583396911621,10555.646484375,41.63468933105469,10691.7255859375,60.55551528930664,11879.1416015625,120.82001495361328,10649.890625,15.526219367980957,37469.3828125,37.22269058227539,38084.19921875,51.948944091796875,38391.58984375,75.25626373291016,40315.59375,149.57672119140625,37993.76171875,21.585247039794922,162630.375,67.320556640625,164710.890625,92.1198959350586,165465.984375,131.88075256347656,168695.421875,259.98907470703125,163821.71875,41.34008026123047,323413.0,143.0370330810547,329098.21875,196.69688415527344,330903.21875,282.3730163574219,336253.625,557.3361206054688,324685.5625,89.33678436279297,441088.1875,425.284912109375,452277.1875,593.2130737304688,454899.40625,859.2496948242188,461426.625,1706.6136474609375,443960.53125,249.33702087402344,150.2269458393137,6.788571226934437e-06,2.2681461440081225,6.547223165398464e-06,0.055109210312366486,False,-4.549790382385254,False,73.0,150.22694706886443,2.8866747925349046e-07,2.268134669954207,3.149612552988401e-07,0.006016684230417013,False,-142.52377319335938,False,75.0,150.22694978057243,1.1628709017941219e-07,2.268129296289018,1.287388897708297e-07,0.0005968816694803536,False,-347.4072265625,False,130.0,150.22695223036789,4.881524517941216e-08,2.2681269207846984,4.4515413577528307e-08,1.4349107004818507e-05,False,-1350.2901611328125,False,117.0,150.22695289785207,5.8519670886880704e-08,2.268125180241058,5.59276713829604e-08,2.753280568867922e-06,False,-994.8563842773438,False,81.0,150.226954344028,1.0873316824699941e-07,2.268125286013831,1.4014312910148874e-07,6.316978397080675e-05,False,-384.24371337890625,False,54.0,,,,,,,,,,,,,,,,,,,,,,,,,,,,,,,,,,,,,,,,,,,,,,,,,,,,,,,,,,,,,,,,,,,,,,,,,,,,,,,,,,,,,,,,,,,,,,,,,,,,,,,,,,,,,,,,,,,,,,,,,,
2MASS J10003105+0241554,M3.8,M,19.49399948120117,150.12940577076,2.6987755921100005,COSMOS,2329,204,401,482,697,416,129,9813,75,7.880155168611026e+17,150.12943585946977,2.6985030477681207,0.9871075392514415,matched,9813.0,75.0,150.12943585946977,2.6690585741562245e-08,2.6985030477681207,2.4574852375280898e-08,False,0.019220778718590736,3432.8642578125,61.594058990478516,3467.2197265625,87.44617462158203,3512.600341796875,128.02609252929688,4770.66455078125,256.2470397949219,3325.30810546875,32.566917419433594,37374.6640625,33.690162658691406,37824.33984375,45.66757583618164,37908.8359375,65.09102630615234,39399.87890625,127.12295532226562,37604.2578125,22.466129302978516,123817.3046875,41.92952346801758,125539.046875,56.0963134765625,125703.765625,79.28907775878906,128122.25,154.95989990234375,123608.6328125,31.152938842773438,460291.25,80.75033569335938,465140.96875,104.1058120727539,465705.9375,143.3455352783203,469060.0,273.5584716796875,460357.3125,65.06275939941406,840169.25,177.5561981201172,851835.875,231.77493286132812,852931.8125,321.6119689941406,858643.5,613.146728515625,841907.0,139.3889617919922,1108065.0,483.8679504394531,1134236.375,656.5725708007812,1137390.125,935.5274658203125,1152253.5,1836.0545654296875,1105829.5,337.44549560546875,150.12943266186937,2.559982476668665e-06,2.6985083903842746,2.5752344754437217e-06,0.016652069985866547,False,-15.656169891357422,False,72.0,150.1294298707378,1.1949188660764776e-07,2.698511943792986,1.279963726119604e-07,0.004648756701499224,False,-536.2504272460938,False,70.0,150.12943285610268,5.123456148226069e-08,2.698504152408877,5.67615892066442e-08,5.66624294151552e-06,False,-1181.7186279296875,False,128.0,150.12943585946977,2.6690585741562245e-08,2.6985030477681207,2.4574852375280898e-08,0.00011052089394070208,False,-5157.9365234375,False,116.0,150.1294354359077,3.3749486760825675e-08,2.6985029666292424,3.314326590952987e-08,0.0002040917897829786,False,-3363.88037109375,False,77.0,150.12943603078585,5.762254673413736e-08,2.698502796395206,7.534277557397218e-08,0.0002367140696151182,False,-1551.4947509765625,False,52.0,,,,,,,,,,,,,,,,,,,,,,,,,,,,,,,,,,,,,,,,,,,,,,,,,,,,,,,,,,,,,,,,,,,,,,,,,,,,,,,,,,,,,,,,,,,,,,,,,,,,,,,,,,,,,,,,,,,,,,,,,,
COSMOS 2804135,F5,F,18.47100067138672,149.61873031864,2.75211558302,COSMOS,2328,204,401,480,694,418,131,9813,88,7.880164102142922e+17,149.61872845969367,2.7521086353697695,0.025889371476757943,matched,9813.0,88.0,149.61872845969367,3.58279024226249e-08,2.7521086353697695,3.254202951552543e-08,False,0.018377618864178658,59594.890625,78.62779998779297,60181.0625,103.17291259765625,60570.9453125,143.78414916992188,61244.40234375,277.0691223144531,60454.71875,62.37145233154297,155843.234375,39.50357437133789,157189.1875,48.840518951416016,157621.359375,65.04010772705078,158738.84375,120.36325073242188,157869.0625,36.34198760986328,240821.796875,47.575225830078125,243846.015625,61.033836364746094,244450.171875,83.66293334960938,246270.21875,159.47946166992188,244077.921875,41.398895263671875,291546.65625,75.88775634765625,294232.5625,101.02753448486328,295284.1875,142.28358459472656,297791.375,276.6251220703125,294396.25,54.269771575927734,310267.09375,145.9178466796875,313702.625,200.9766387939453,315020.53125,289.16400146484375,319205.21875,572.3115234375,314090.96875,90.74260711669922,319769.15625,450.6653137207031,325810.1875,633.0134887695312,327775.5625,920.8605346679688,333349.28125,1831.81396484375,323481.3125,253.6177520751953,149.61872742317505,2.558728340318339e-07,2.752110782032522,2.5581761065041064e-07,0.0018129436066374183,False,-418.45233154296875,False,67.0,149.61873105578815,4.7052523655111145e-08,2.7521053537126776,5.065512453938936e-08,7.850867405068129e-05,False,-4497.90478515625,False,75.0,149.61872949754263,3.4435302609381324e-08,2.752108754482207,3.882711041569564e-08,0.0008294321014545858,False,-3698.99365234375,False,127.0,149.61872845969367,3.58279024226249e-08,2.7521086353697695,3.254202951552543e-08,0.00013334985123947263,False,-3522.5283203125,False,113.0,149.61872910740777,6.095324778243594e-08,2.7521093623425155,6.050191814210848e-08,0.0003637729387264699,False,-1174.6666259765625,False,81.0,149.618729576509,1.5080649973242544e-07,2.752109720226893,1.9222856906253583e-07,0.0007617620285600424,False,-384.0480041503906,False,52.0,,,,,,,,,,,,,,,,,,,,,,,,,,,,,,,,,,,,,,,,,,,,,,,,,,,,,,,,,,,,,,,,,,,,,,,,,,,,,,,,,,,,,,,,,,,,,,,,,,,,,,,,,,,,,,,,,,,,,,,,,,
ACS-GC 20099329,M1e,M,18.875,149.75408918121,2.14182543754,COSMOS,2328,204,401,480,697,417,129,9813,47,7.880135927157503e+17,149.75406793864678,2.1418262330025266,0.07647343761412136,matched,9813.0,47.0,149.75406793864678,2.626136819117164e-08,2.1418262330025266,2.3937598570000773e-08,False,0.020128143951296806,6721.02978515625,60.72874069213867,6898.9482421875,85.70686340332031,7080.1787109375,124.85399627685547,7422.0419921875,249.15357971191406,6802.5830078125,34.144039154052734,61143.00390625,33.72385787963867,62045.5546875,44.623008728027344,62419.85546875,62.494144439697266,63407.671875,121.34607696533203,61442.31640625,25.170696258544922,203018.125,45.82865524291992,207402.171875,59.57950210571289,208647.234375,82.4149398803711,210515.15625,158.66567993164062,202470.765625,38.11772918701172,473778.8125,79.11750793457031,481988.40625,101.88872528076172,484502.4375,139.95765686035156,487178.84375,267.0046081542969,473796.21875,64.48657989501953,716532.8125,156.4389190673828,732092.5,207.7509765625,737199.5625,291.1932678222656,742367.3125,565.3313598632812,718070.6875,117.47467803955078,861331.5625,462.4457092285156,887329.75,633.9346313476562,895292.625,907.3093872070312,903219.1875,1788.4827880859375,861566.375,302.2342834472656,149.75406701194524,1.2592131497513037e-06,2.1418300053306467,1.2717800927930512e-06,0.007307328283786774,False,-42.43629837036133,False,75.0,149.75406476601606,8.07215059239752e-08,2.1418309717832265,8.627607428479678e-08,0.0010224771685898304,False,-1357.2640380859375,False,73.0,149.75406702255964,3.960812122727475e-08,2.1418275103138606,4.329589486928853e-08,3.674374966067262e-06,False,-2975.1455078125,False,122.0,149.75406793864678,2.626136819117164e-08,2.1418262330025266,2.3937598570000773e-08,0.0002256557490909472,False,-7766.1650390625,False,118.0,149.75406881731476,3.4650241786948754e-08,2.141825947072969,3.383543401014322e-08,0.00037277452065609396,False,-3369.34033203125,False,81.0,149.75406825312393,6.663163532039107e-08,2.1418249843619326,8.088182568144475e-08,8.643938053864986e-05,False,-1198.819580078125,False,52.0,,,,,,,,,,,,,,,,,,,,,,,,,,,,,,,,,,,,,,,,,,,,,,,,,,,,,,,,,,,,,,,,,,,,,,,,,,,,,,,,,,,,,,,,,,,,,,,,,,,,,,,,,,,,,,,,,,,,,,,,,,
COSMOS 2685690,F5,F,19.301000595092773,150.06978335099,2.7441721135800003,COSMOS,2328,204,401,482,696,416,129,9813,86,7.880162727753388e+17,150.06977999154572,2.74416258481157,0.03636845096510065,matched,9813.0,86.0,150.06977999154572,6.661087326165216e-08,2.74416258481157,6.087864079518113e-08,False,0.02045157365500927,25730.3828125,70.59886932373047,26163.265625,96.45250701904297,26401.072265625,138.43382263183594,27730.380859375,272.52960205078125,25754.81640625,47.55571365356445,63593.15234375,34.75481414794922,64738.25,45.79974365234375,65291.87890625,64.16768646240234,66752.6796875,124.21822357177734,63226.1640625,26.35378646850586,97470.40625,41.20700454711914,99771.671875,55.736759185791016,100601.3359375,79.48368072509766,102743.5234375,155.63075256347656,97165.6484375,29.1765079498291,117484.8203125,71.52454376220703,119591.5546875,98.90387725830078,120556.9140625,143.02377319335938,122913.2421875,282.69537353515625,116908.875,40.242340087890625,125565.4296875,140.70555114746094,128472.9921875,197.74099731445312,129808.953125,288.44219970703125,133571.859375,574.2683715820312,125277.9453125,73.38369750976562,128860.0546875,433.4884338378906,132968.703125,613.8359985351562,134873.125,899.27978515625,140630.078125,1788.3511962890625,128971.9765625,221.00445556640625,150.06977876472834,4.773505679622758e-07,2.744164990831624,4.617120623606752e-07,0.00022066028031986207,False,-159.52584838867188,False,70.0,150.06978252001736,8.591694466986155e-08,2.7441592496302265,9.241186660347012e-08,0.0016715392703190446,False,-1177.515869140625,False,72.0,150.0697796548692,6.130577645535595e-08,2.7441620827825766,6.773960592454387e-08,0.0001218036122736521,False,-1154.4013671875,False,122.0,150.06977999154572,6.661087326165216e-08,2.74416258481157,6.087864079518113e-08,0.00016403681365773082,False,-1129.6094970703125,False,111.0,150.0697795748431,1.235645754604775e-07,2.7441631631558137,1.184498543693735e-07,5.488957685884088e-05,False,-557.8378295898438,False,79.0,150.0697798685422,3.292272481303371e-07,2.7441644000589416,4.284585486402648e-07,0.00012878990673925728,False,-121.61380767822266,False,54.0,,,,,,,,,,,,,,,,,,,,,,,,,,,,,,,,,,,,,,,,,,,,,,,,,,,,,,,,,,,,,,,,,,,,,,,,,,,,,,,,,,,,,,,,,,,,,,,,,,,,,,,,,,,,,,,,,,,,,,,,,,
2MASS J10004035+0236565,M5,M,19.35400009155273,150.16817056093,2.61568890744,COSMOS,2328,204,401,482,696,416,129,9813,75,7.880155168610973e+17,150.16810927730432,2.6155435512884546,0.5677996882973705,matched,9813.0,75.0,150.16810927730432,2.349101890786187e-08,2.6155435512884546,2.123801934317271e-08,False,0.01734369993209839,5411.98486328125,63.73725509643555,5529.609375,90.51974487304688,5620.67236328125,132.62261962890625,6261.51513671875,264.94769287109375,5358.67822265625,34.33238983154297,41319.61328125,32.490577697753906,41944.4140625,43.949764251708984,42164.47265625,62.570350646972656,42927.890625,122.47425079345703,41773.73046875,22.366701126098633,138123.6875,41.94385528564453,140740.859375,55.938865661621094,141354.28125,78.79158782958984,142784.4375,152.81565856933594,138895.09375,32.03185272216797,594971.0625,84.48877716064453,603797.6875,107.11827850341797,606233.3125,145.40060424804688,608513.0625,273.5065612792969,596659.75,72.98878479003906,1190033.125,185.18275451660156,1212452.25,237.73190307617188,1218159.0,326.49658203125,1221651.25,622.006591796875,1190121.125,157.9781951904297,1659618.5,476.95526123046875,1707147.25,635.0629272460938,1720386.5,895.2814331054688,1734492.375,1741.0260009765625,1670122.375,367.5322265625,150.16810575322393,1.600340169716219e-06,2.615554276590041,1.6134567886183504e-06,2.258843778690789e-05,False,-26.750431060791016,False,69.0,150.16810467199915,1.075648867754353e-07,2.6155513293754105,1.1547867018180114e-07,0.005894983187317848,False,-604.2194213867188,False,70.0,150.16810670927836,4.687077037601739e-08,2.6155447952627164,5.186468854390114e-08,0.00047723116585984826,False,-1415.180908203125,False,128.0,150.16810927730432,2.349101890786187e-08,2.6155435512884546,2.123801934317271e-08,1.089983015845064e-05,False,-6856.89599609375,False,113.0,150.16810964537783,2.7441110717063566e-08,2.615542571677894,2.6589384916064773e-08,0.00042522925650700927,False,-5366.87939453125,False,74.0,150.16811008129264,4.188412106032047e-08,2.6155422227588883,5.440752914864788e-08,0.0003688214928843081,False,-1642.990966796875,False,55.0,,,,,,,,,,,,,,,,,,,,,,,,,,,,,,,,,,,,,,,,,,,,,,,,,,,,,,,,,,,,,,,,,,,,,,,,,,,,,,,,,,,,,,,,,,,,,,,,,,,,,,,,,,,,,,,,,,,,,,,,,,
DENIS J095927.3+015559,F8III,F,18.756999969482425,149.86390560608,1.9331922152300005,COSMOS,2327,204,401,480,697,416,129,9813,37,7.880129055209815e+17,149.86389154258822,1.9331762430598693,0.07659349605358148,matched,9813.0,37.0,149.86389154258822,4.9599218954199387e-08,1.9331762430598693,4.4192042025770206e-08,False,0.020085832104086876,53187.84375,74.51854705810547,54148.0,98.01810455322266,54364.1953125,136.6558837890625,55524.4921875,264.21014404296875,53538.421875,58.49702453613281,116198.15625,39.62388610839844,118071.0859375,50.09977340698242,118560.5390625,67.8651123046875,119752.9609375,128.53152465820312,115749.234375,34.477169036865234,156230.40625,43.402400970458984,159454.34375,57.065452575683594,160172.390625,79.5289077758789,161975.96875,153.3720245361328,156564.8125,34.501033782958984,174343.25,70.30572509765625,177293.734375,95.67141723632812,178131.34375,136.41552734375,180209.625,267.31964111328125,174967.453125,44.29254913330078,176850.375,146.14735412597656,180425.65625,204.54835510253906,181272.25,296.8935546875,183556.734375,589.7537231445312,177740.234375,80.71558380126953,176303.3125,410.5200500488281,180800.109375,581.067138671875,181612.84375,848.4301147460938,186540.40625,1697.6053466796875,177706.4375,209.4344940185547,149.86389151983738,2.7534002811080427e-07,1.933177645389389,2.7325239670972223e-07,0.00021124958584550768,False,-570.7788696289062,False,72.0,149.8638969865281,5.9530538720764525e-08,1.93317009964071,6.266567709189985e-08,0.0010907328687608242,False,-4969.3251953125,False,69.0,149.86389237953722,4.525923458231773e-08,1.9331761221843575,4.839089839947519e-08,1.4952999663364608e-05,False,-2847.52978515625,False,131.0,149.86389154258822,4.9599218954199387e-08,1.9331762430598693,4.4192042025770206e-08,1.947832788573578e-05,False,-2424.545166015625,False,114.0,149.86389206461192,9.723993343868642e-08,1.9331766889407571,9.17239333375619e-08,4.472734417504398e-06,False,-698.1505126953125,False,80.0,149.86389169436737,2.3079516608959239e-07,1.9331764472702673,2.729610741880606e-07,1.9181791799383063e-07,False,-232.7707977294922,False,54.0,,,,,,,,,,,,,,,,,,,,,,,,,,,,,,,,,,,,,,,,,,,,,,,,,,,,,,,,,,,,,,,,,,,,,,,,,,,,,,,,,,,,,,,,,,,,,,,,,,,,,,,,,,,,,,,,,,,,,,,,,,
SDSS J100014.23+023742.2,DA+M,?,20.33799934387207,150.05927479659,2.62837283186,COSMOS,2327,204,401,481,696,416,129,9813,76,7.880155855805743e+17,150.0592950567796,2.6282894604516818,0.3088540654101823,matched,9813.0,76.0,150.0592950567796,1.347519145156184e-07,2.6282894604516818,1.3291028722051124e-07,False,0.018844155594706535,28247.2109375,66.19080352783203,28699.43359375,90.13790893554688,28793.376953125,128.9923553466797,29631.412109375,253.28453063964844,27045.07421875,44.194644927978516,32254.04296875,33.25457763671875,32744.66796875,45.34956741333008,32837.07421875,64.97370147705078,33449.9921875,127.6883544921875,31299.802734375,21.287086486816406,29527.220703125,38.56845474243164,30032.466796875,54.03291320800781,30120.447265625,78.6225357055664,31350.802734375,156.21376037597656,28734.9375,21.425472259521484,48723.80859375,65.94156646728516,49351.3671875,92.74947357177734,49627.8203125,135.26571655273438,51436.23046875,268.9743957519531,47966.015625,32.088809967041016,75519.6484375,145.25735473632812,76999.5234375,205.36253356933594,77379.1640625,300.4184265136719,80147.9765625,598.0604858398438,75123.234375,72.6661376953125,95213.4296875,446.8113708496094,97937.421875,634.4285278320312,99395.0703125,930.1376953125,104179.234375,1859.2838134765625,95892.921875,226.28762817382812,150.0592962046264,4.269295175163279e-07,2.6282732749481172,6.114054826866777e-07,,True,-173.88478088378906,False,74.0,150.0592962046264,1.43545960895608e-07,2.6282732749481172,2.155581881879698e-07,,True,-508.4866943359375,False,69.0,150.0592962046264,1.5493853311454586e-07,2.6282732749481172,2.35453214258996e-07,,True,-289.71649169921875,False,123.0,150.0592950567796,1.347519145156184e-07,2.6282894604516818,1.3291028722051124e-07,0.045644357800483704,False,-382.1123352050781,False,113.0,150.05930017155796,2.0837289582686935e-07,2.628272778976883,2.1186924925586936e-07,0.007808440364897251,False,-243.6370391845703,False,74.0,150.0593028112584,4.52742256129568e-07,2.6282688663563567,6.112156825111015e-07,3.407570829949691e-06,False,-87.38064575195312,False,51.0,,,,,,,,,,,,,,,,,,,,,,,,,,,,,,,,,,,,,,,,,,,,,,,,,,,,,,,,,,,,,,,,,,,,,,,,,,,,,,,,,,,,,,,,,,,,,,,,,,,,,,,,,,,,,,,,,,,,,,,,,,
2MASS J10005518+0159376,M4e,M,20.08300018310547,150.22994464057,1.99372662175,COSMOS,2326,204,401,480,697,416,128,9813,35,7.880127680820305e+17,150.22978758687515,1.9938018791039527,0.6266448862234318,matched,9813.0,35.0,150.22978758687515,3.730184161554462e-08,1.9938018791039527,3.3977343605329224e-08,False,0.018268611282110214,2589.328125,64.91101837158203,2600.03466796875,92.22590637207031,2740.569091796875,135.4427490234375,2928.02734375,269.39080810546875,2630.513671875,33.606727600097656,23570.955078125,31.475801467895508,23910.537109375,43.37624740600586,24119.076171875,62.56529998779297,24811.1796875,123.80765533447266,23785.69921875,19.053037643432617,76796.46875,42.481239318847656,78363.40625,58.16878890991211,78986.0625,83.4998779296875,79890.140625,163.52574157714844,77184.09375,27.984447479248047,254798.1875,72.33657836914062,259061.640625,96.9170913696289,260561.3125,137.2075653076172,262523.3125,266.79986572265625,255659.734375,50.25215148925781,445765.0625,157.62991333007812,455340.4375,214.14373779296875,458563.59375,305.9491882324219,461247.125,595.681396484375,445932.75,105.54817199707031,578335.9375,446.25982666015625,595263.8125,618.3902587890625,600737.1875,894.087646484375,604784.8125,1762.015380859375,580638.3125,268.8337707519531,150.22978553892253,3.2681725770089542e-06,1.9938070506367047,3.2188129353016848e-06,0.004775409586727619,False,-13.26803970336914,False,67.0,150.22978418251452,1.5993968816019333e-07,1.9938069596646508,1.712536459308467e-07,0.0010986513225361705,False,-346.1510925292969,False,71.0,150.2297851686362,7.737020979448062e-08,1.9938044852960979,8.407864982018509e-08,0.0002458810049574822,False,-904.7191772460938,False,123.0,150.22978758687515,3.730184161554462e-08,1.9938018791039527,3.3977343605329224e-08,1.2609091754711699e-05,False,-3035.882080078125,False,117.0,150.2297884687082,5.078281617443281e-08,1.9938006503652403,4.9153591419326403e-08,8.34115326142637e-06,False,-1895.9342041015625,False,78.0,150.22978919827418,8.790095051836033e-08,1.9937995992823088,1.0887031720585583e-07,1.770310973370215e-06,False,-808.9408569335938,False,55.0,,,,,,,,,,,,,,,,,,,,,,,,,,,,,,,,,,,,,,,,,,,,,,,,,,,,,,,,,,,,,,,,,,,,,,,,,,,,,,,,,,,,,,,,,,,,,,,,,,,,,,,,,,,,,,,,,,,,,,,,,,
COSMOS 1235283,M5,M,19.63400077819824,150.20632367214,2.1207302256,COSMOS,2326,204,401,480,697,416,128,9813,45,7.880134552767948e+17,150.20616441364845,2.1205764283806143,0.7967485819043669,matched,9813.0,45.0,150.20616441364845,2.8792153443646384e-06,2.1205764283806143,2.8221970751474146e-06,False,0.0164889357984066,3589.205810546875,66.51203155517578,3930.69970703125,94.3657455444336,3946.41552734375,137.83901977539062,4123.40966796875,274.63323974609375,3157.235107421875,34.6475944519043,32482.791015625,32.41670227050781,33380.55078125,44.273921966552734,33607.58984375,63.463924407958984,34333.23828125,124.90153503417969,32081.8046875,20.930017471313477,108492.7421875,42.43086624145508,111493.5078125,57.2319221496582,112395.5390625,81.15755462646484,113308.65625,159.5832061767578,106905.390625,30.5601806640625,463957.65625,81.6016845703125,472467.46875,105.39984893798828,475023.46875,145.291748046875,477250.9375,278.2930603027344,460981.46875,65.87548065185547,927306.375,166.813720703125,947818.0625,217.61949157714844,954283.625,301.696533203125,960077.9375,579.2186279296875,921846.5625,133.67840576171875,1282191.125,478.45257568359375,1321250.25,642.5791625976562,1335913.25,908.0390014648438,1350301.75,1767.3848876953125,1272000.875,342.5249328613281,150.20616441364845,2.8792153443646384e-06,2.1205764283806143,2.8221970751474146e-06,0.09077383577823639,False,-17.368101119995117,False,69.0,150.20615816648706,1.3063004189461935e-07,2.120572937663633,1.4056574570986413e-07,0.0019669272005558014,False,-501.5778503417969,False,72.0,150.20616006368914,5.8124442148255184e-08,2.120569800201318,6.409096897641575e-08,5.724686616304098e-06,False,-1206.690185546875,False,126.0,150.20616196001555,2.7343816100255935e-08,2.120566507601338,2.4852329971736253e-08,0.00015106578939594328,False,-5546.2783203125,False,114.0,150.20616299121227,3.060655728859274e-08,2.120565662847015,2.946024046934781e-08,0.00030707381665706635,False,-3938.795166015625,False,79.0,150.20616366941076,5.130996072466587e-08,2.1205655102721814,6.304892963271413e-08,8.331994467880577e-05,False,-1222.91943359375,False,55.0,,,,,,,,,,,,,,,,,,,,,,,,,,,,,,,,,,,,,,,,,,,,,,,,,,,,,,,,,,,,,,,,,,,,,,,,,,,,,,,,,,,,,,,,,,,,,,,,,,,,,,,,,,,,,,,,,,,,,,,,,,
2MASS J10003351+0205430,M3,M,18.92799949645996,150.13965941016,2.09529696335,COSMOS,2326,204,401,479,696,417,129,9813,45,7.880134552767935e+17,150.13977051615188,2.0951452408889186,0.6768358667263188,matched,9813.0,45.0,150.13977051615188,2.28951915204334e-08,2.0951452408889186,2.066809834389005e-08,False,0.017670203000307083,6167.48291015625,65.07113647460938,6392.24658203125,92.21177673339844,6550.419921875,134.7389678955078,7348.654296875,268.2821350097656,6028.50439453125,35.404903411865234,61642.89453125,35.8135986328125,62659.2265625,47.40574264526367,62999.34765625,66.61042785644531,64007.88671875,128.8109893798828,61872.15234375,26.998918533325195,200701.5,46.368507385253906,205332.078125,60.534523010253906,206666.796875,84.26670837402344,208005.78125,161.859130859375,200495.6875,38.30997848510742,705295.5625,91.99678039550781,718395.9375,114.428466796875,723251.9375,152.7417449951172,725851.4375,283.3599548339844,702323.0,82.3935775756836,1265035.5,179.89492797851562,1294974.75,230.60794067382812,1305578.625,317.17230224609375,1313115.125,614.1820068359375,1260429.5,153.87338256835938,1652674.875,502.1200866699219,1707146.5,666.8894653320312,1728808.5,936.7896728515625,1741749.75,1812.4195556640625,1642080.625,381.5722961425781,150.13976973181255,1.4544837085850304e-06,2.0951548201024113,1.4988577277108561e-06,0.004595491103827953,False,-26.908336639404297,False,70.0,150.13976589170713,8.607775470181878e-08,2.095152970068123,9.105914955398475e-08,0.0012128830421715975,False,-1282.1590576171875,False,69.0,150.13976874827247,3.978346541089195e-08,2.0951490015763463,4.368256512066182e-08,0.00020073149062227458,False,-2571.76416015625,False,120.0,150.13977051615188,2.28951915204334e-08,2.0951452408889186,2.066809834389005e-08,0.0014525990700349212,False,-13636.90234375,False,111.0,150.1397705309317,2.5826974336951025e-08,2.095144123739936,2.4675895105019663e-08,0.0003657573543023318,False,-6514.865234375,False,73.0,150.1397718383885,4.3995918019845703e-08,2.095142912616718,5.4485838063556e-08,0.0005234201671555638,False,-2503.844482421875,False,52.0,,,,,,,,,,,,,,,,,,,,,,,,,,,,,,,,,,,,,,,,,,,,,,,,,,,,,,,,,,,,,,,,,,,,,,,,,,,,,,,,,,,,,,,,,,,,,,,,,,,,,,,,,,,,,,,,,,,,,,,,,,
SDSS J100022.20+021019.8,M1,M,19.802000045776367,150.09252675576,2.1721719932700005,COSMOS,2325,204,401,479,696,416,129,9813,45,7.88013455276798e+17,150.09249606373913,2.1720468966796105,0.4636850851756735,matched,9813.0,45.0,150.09249606373913,5.1269697820544025e-08,2.1720468966796105,4.548856580299798e-08,False,0.018664227798581123,2456.356689453125,61.57078552246094,2477.091552734375,87.57361602783203,2546.820556640625,128.5235595703125,3492.466796875,257.73321533203125,2620.45849609375,32.08022689819336,26047.68359375,32.78017044067383,26479.62109375,45.0864143371582,26699.955078125,64.87408447265625,27891.287109375,128.18931579589844,26156.869140625,20.003206253051758,82710.234375,41.15888214111328,84616.3671875,56.18791580200195,85323.8671875,80.28865051269531,87169.890625,157.38368225097656,82778.546875,27.808528900146484,166328.3125,69.66229248046875,169461.6875,95.16329193115234,170709.71875,136.70510864257812,173011.15625,271.03228759765625,166605.75,43.34372329711914,228905.203125,144.3682861328125,234317.75,200.22067260742188,236707.875,289.4283447265625,240667.53125,573.1266479492188,228596.875,84.5190658569336,268283.875,454.8430480957031,277082.96875,639.4685668945312,281405.84375,930.1708374023438,288814.96875,1848.4317626953125,267661.625,243.6771697998047,150.0924926375177,3.0891544611222344e-06,2.172052913641318,3.1118102015170734e-06,0.0006042412715032697,False,-15.111496925354004,False,73.0,150.09249342601706,1.5077330317581072e-07,2.1720510130098463,1.619376064354583e-07,0.0008421435486525297,False,-423.7397155761719,False,71.0,150.0924953348884,6.874490310337933e-08,2.172048413612595,7.473926899592698e-08,1.6267162209260277e-05,False,-910.0598754882812,False,125.0,150.09249606373913,5.1269697820544025e-08,2.1720468966796105,4.548856580299798e-08,0.00012103264452889562,False,-1475.25146484375,False,114.0,150.09249691752197,8.128143491603623e-08,2.1720473954889066,7.731100026830973e-08,2.8395720619300846e-06,False,-715.4546508789062,False,76.0,150.09249798122906,1.760569432462944e-07,2.172047125767767,2.153759197653926e-07,0.00016213578055612743,False,-260.2832946777344,False,49.0,,,,,,,,,,,,,,,,,,,,,,,,,,,,,,,,,,,,,,,,,,,,,,,,,,,,,,,,,,,,,,,,,,,,,,,,,,,,,,,,,,,,,,,,,,,,,,,,,,,,,,,,,,,,,,,,,,,,,,,,,,
2MASS J09595063+0223163,K7,K,18.49300003051757,149.96097355071,2.38775847099,COSMOS,2325,204,401,480,695,416,129,9813,56,7.88014211191045e+17,149.96086773467601,2.3877771634200067,0.3865100014783324,matched,9813.0,56.0,149.96086773467601,3.128745973413061e-08,2.3877771634200067,2.7934309088095688e-08,False,0.01810254156589508,21994.212890625,65.46942138671875,22484.056640625,90.1700210571289,22819.552734375,129.6619110107422,23521.884765625,255.24945068359375,21865.501953125,42.771812438964844,125036.625,41.272560119628906,127052.375,51.94577407836914,127774.203125,70.20111846923828,129058.640625,131.4095001220703,125550.3046875,36.475341796875,257987.640625,48.843177795410156,263430.75,62.45024871826172,265002.625,85.34039306640625,267136.0,161.46229553222656,258478.453125,42.88030242919922,366445.90625,78.45697021484375,372244.40625,102.90692901611328,374103.1875,143.32595825195312,377399.96875,276.1903991699219,366562.03125,60.008914947509766,456621.59375,157.41473388671875,465976.625,213.85792541503906,469021.96875,304.92706298828125,473976.78125,597.3011474609375,457075.75,106.60868835449219,511828.8125,458.5736083984375,527069.875,638.9866943359375,532698.875,924.8614501953125,539149.4375,1821.7293701171875,510064.5,273.5570068359375,149.96086758618543,4.896808718513057e-07,2.3877776290146304,4.871521355198638e-07,0.0004910777788609266,False,-127.77184295654297,False,74.0,149.9608675722019,5.822598581062266e-08,2.387777622985963,6.205409874837642e-08,0.0013073767768219113,False,-9545.63671875,False,71.0,149.9608675242349,3.422141503506282e-08,2.387777525786772,3.698491468639986e-08,0.0007531322189606726,False,-7661.49072265625,False,125.0,149.96086773467601,3.128745973413061e-08,2.3877771634200067,2.7934309088095688e-08,6.498753646155819e-05,False,-4284.779296875,False,114.0,149.96086798377468,5.005311010108926e-08,2.3877776525355827,4.787521135085626e-08,5.678140587406233e-05,False,-1819.6724853515625,False,74.0,149.96086853792218,1.0362514757389363e-07,2.387777285741986,1.3185695024731103e-07,5.229458474786952e-05,False,-462.8738098144531,False,53.0,,,,,,,,,,,,,,,,,,,,,,,,,,,,,,,,,,,,,,,,,,,,,,,,,,,,,,,,,,,,,,,,,,,,,,,,,,,,,,,,,,,,,,,,,,,,,,,,,,,,,,,,,,,,,,,,,,,,,,,,,,
2MASS J10002097+0144317,M5,M,19.121000289916992,150.0874096043221,1.7421181612676,COSMOS,2325,204,401,480,695,416,129,9813,25,7.880120808872588e+17,150.0872121237158,1.7421955574843233,0.7632740280631308,matched,9813.0,25.0,150.0872121237158,2.0753745388901734e-08,1.7421955574843233,1.8456631778462906e-08,False,0.017006713896989822,4213.12451171875,62.771934509277344,4245.22900390625,88.86927032470703,4223.390625,130.3307342529297,5413.8603515625,260.2308654785156,4194.974609375,33.74293518066406,50710.18359375,33.15791320800781,51229.01171875,44.28919982910156,51333.55859375,62.541290283203125,52335.23828125,121.60547637939453,51176.88671875,23.81785774230957,179431.625,44.81186294555664,182229.40625,58.585384368896484,182728.015625,81.56470489501953,184477.234375,156.83883666992188,179868.765625,36.48792266845703,798852.3125,90.98599243164062,809792.9375,112.1338119506836,812142.125,149.2296905517578,814638.3125,276.0619812011719,796104.375,84.1202621459961,1581066.5,190.42002868652344,1608668.75,237.80816650390625,1614308.125,319.6597900390625,1619569.375,596.0103149414062,1571319.875,172.7557373046875,2165297.25,535.9410400390625,2218812.75,697.9484252929688,2227732.0,968.7217407226562,2237330.75,1854.9794921875,2161146.75,436.5445251464844,150.0872049711013,2.00542217498878e-06,1.7422059064636886,2.0574245809257263e-06,0.0006544170901179314,False,-19.571928024291992,False,71.0,150.08720608708518,9.374222997848847e-08,1.7422033136953412,9.723853366949697e-08,6.0166410548845306e-05,False,-1150.8291015625,False,75.0,150.08720921695163,4.2484817441845735e-08,1.7421975467356834,4.575860401700993e-08,0.0008977412362582982,False,-2911.71826171875,False,129.0,150.0872121237158,2.0753745388901734e-08,1.7421955574843233,1.8456631778462906e-08,0.0026701113674789667,False,-31153.265625,False,111.0,150.08721410853428,2.3838454765723327e-08,1.7421939032506313,2.2144565292592233e-08,0.004666403867304325,False,-16840.28125,False,75.0,150.08721407066403,3.940375137290175e-08,1.742193497742549,4.650673446349174e-08,0.0016335927648469806,False,-2841.314208984375,False,52.0,,,,,,,,,,,,,,,,,,,,,,,,,,,,,,,,,,,,,,,,,,,,,,,,,,,,,,,,,,,,,,,,,,,,,,,,,,,,,,,,,,,,,,,,,,,,,,,,,,,,,,,,,,,,,,,,,,,,,,,,,,
[PBM2009] s9247,M2.5,M,20.200000762939453,53.18815280828,-27.92585184797,ECDFS,511,48,101,90,151,88,33,5063,24,7.553702607181851e+17,53.18815988002695,-27.925882049403075,0.11102761084935268,matched,5063.0,24.0,53.18815988002695,8.67925677994208e-08,-27.925882049403075,8.237768156504899e-08,False,0.008004489354789257,1202.2578125,231.08790588378906,1361.544677734375,328.84844970703125,1295.601806640625,483.55133056640625,2618.670166015625,968.876220703125,1219.3988037109375,113.8154067993164,11773.93359375,52.82559585571289,12086.279296875,73.75679016113281,12145.3662109375,107.40473937988281,13485.4794921875,214.06826782226562,11998.1611328125,32.3250617980957,38575.59765625,91.46501159667969,39127.27734375,126.05411529541016,39366.6328125,182.15017700195312,41430.0234375,360.4628601074219,38972.30078125,55.69841766357422,108973.84375,75.49686431884766,110496.0546875,102.63430786132812,111136.5546875,147.0847930908203,113465.4375,289.19879150390625,109236.2734375,48.05280303955078,172366.578125,197.56207275390625,175110.296875,273.5028381347656,175946.1875,396.2275695800781,177975.4375,783.9467163085938,172462.25,112.9144058227539,214774.078125,892.138671875,220470.484375,1250.993896484375,223814.84375,1825.71142578125,240555.984375,3628.5185546875,214436.40625,510.94921875,53.1881475181744,2.1222123905317858e-05,-27.92589449323472,2.1869509509997442e-05,0.010542758740484715,False,-0.7597378492355347,False,4.0,53.188160339572455,6.561680834238359e-07,-27.925881527112217,6.000055918775615e-07,0.012984655797481537,False,-81.51885986328125,False,34.0,53.1881639470501,3.2569982977292966e-07,-27.9258825963675,2.746347433912888e-07,0.0015538043808192015,False,-198.6845245361328,False,30.0,53.18815988002695,8.67925677994208e-08,-27.925882049403075,8.237768156504899e-08,3.974422361352481e-05,False,-989.5711059570312,False,75.0,53.18816141009143,1.3170199508749647e-07,-27.925881303529586,1.1592840110097313e-07,7.77433979237685e-06,False,-470.22869873046875,False,31.0,53.188160881423215,6.216519068402704e-07,-27.925883169580555,5.727570737690257e-07,0.0001945246767718345,False,-77.03335571289062,False,8.0,,,,,,,,,,,,,,,,,,,,,,,,,,,,,,,,,,,,,,,,,,,,,,,,,,,,,,,,,,,,,,,,,,,,,,,,,,,,,,,,,,,,,,,,,,,,,,,,,,,,,,,,,,,,,,,,,,,,,,,,,,
[PBM2009] s104673,M0.0,M,19.280000686645508,53.13108193846999,-27.74314032244,ECDFS,510,48,101,89,151,88,33,5063,34,7.553709479129537e+17,53.1310726536164,-27.74312260705275,0.07030259264520139,matched,5063.0,34.0,53.1310726536164,6.517883122114654e-08,-27.74312260705275,6.011470787825601e-08,False,0.008850273676216602,2699.469482421875,238.98123168945312,2736.7255859375,339.22760009765625,2363.821533203125,496.7485046386719,462.665771484375,990.0619506835938,2668.6064453125,121.14169311523438,28707.57421875,56.99665069580078,29451.0234375,77.8923568725586,29724.46875,111.47151947021484,29662.75,218.93154907226562,28839.349609375,39.51431655883789,96187.5546875,103.99609375,98204.109375,138.66790771484375,98919.3828125,195.31112670898438,99445.328125,379.3747253417969,96368.0546875,74.94685363769531,187070.578125,79.74113464355469,190184.453125,105.742431640625,191419.953125,148.41366577148438,191727.734375,287.55828857421875,187696.859375,58.9185905456543,252032.890625,200.09060668945312,256438.359375,274.3048095703125,257937.484375,393.31005859375,258139.40625,773.8378295898438,252802.234375,125.4636001586914,294509.375,885.6671142578125,302883.0,1238.1138916015625,306782.96875,1795.5106201171875,301543.59375,3560.814453125,295369.21875,514.2454223632812,53.13107494492378,1.0326952178729698e-05,-27.74314325578316,1.1240623280173168e-05,3.666703560156748e-05,False,-3.559089183807373,False,4.0,53.131074049235565,3.239600232518569e-07,-27.74312135999643,2.8213358405082545e-07,0.00011389428254915401,False,-238.95079040527344,False,31.0,53.13107570502915,1.729076899437132e-07,-27.743121434860043,1.5058449776006455e-07,0.00011951181659242138,False,-603.530029296875,False,31.0,53.1310726536164,6.517883122114654e-08,-27.74312260705275,6.011470787825601e-08,0.0008258747402578592,False,-1677.588134765625,False,79.0,53.131073763873985,9.704749714956051e-08,-27.74312246245711,8.615403856992998e-08,0.0002793797175399959,False,-813.9700927734375,False,34.0,53.13107308845294,3.866459223900165e-07,-27.743122584155447,3.8493988085974706e-07,5.983748451399151e-06,False,-131.2515106201172,False,9.0,,,,,,,,,,,,,,,,,,,,,,,,,,,,,,,,,,,,,,,,,,,,,,,,,,,,,,,,,,,,,,,,,,,,,,,,,,,,,,,,,,,,,,,,,,,,,,,,,,,,,,,,,,,,,,,,,,,,,,,,,,
[PBM2009] s108014,M2.0,M,19.339000701904297,53.05813162892,-27.73503739282,ECDFS,510,48,101,89,151,88,33,5063,35,7.553710166324326e+17,53.05825271422629,-27.735044710799766,0.38672375691660943,matched,5063.0,35.0,53.05825271422629,5.756555410130204e-08,-27.735044710799766,5.319102669432141e-08,False,0.009400855749845505,3284.904052734375,326.3931884765625,4142.5810546875,460.456787109375,5261.056640625,665.432373046875,6260.228515625,1290.9676513671875,3227.849365234375,157.9080047607422,27902.7265625,53.1971321105957,28650.736328125,72.20396423339844,28945.9375,103.61131286621094,30079.8046875,203.0272674560547,28022.818359375,37.384864807128906,85886.375,91.80744934082031,87700.1796875,122.62181091308594,88513.2578125,174.16268920898438,90593.5234375,339.1994934082031,85720.8671875,63.31680679321289,200451.625,75.6998519897461,204154.59375,99.69508361816406,205592.078125,140.9951629638672,207812.296875,275.0672302246094,199860.984375,56.467491149902344,293356.875,199.24757385253906,299352.9375,270.6926574707031,301532.875,389.00115966796875,304081.5,763.5372924804688,292351.6875,129.782958984375,350678.8125,858.3138427734375,360738.15625,1189.4169921875,364112.5,1728.19091796875,372618.0,3421.322509765625,349462.75,507.9522705078125,53.05825047710783,1.16452356451191e-05,-27.735057809535622,1.0179819582845084e-05,0.005659175105392933,False,-9.335904121398926,False,3.0,53.05825545349738,3.1909974040900124e-07,-27.73504312876399,2.860445533769962e-07,0.002064894884824753,False,-270.1197509765625,False,32.0,53.05825376012937,1.5555649213183642e-07,-27.735044325006406,1.421164625980964e-07,4.830030775337946e-06,False,-613.0779418945312,False,32.0,53.05825271422629,5.756555410130204e-08,-27.735044710799766,5.319102669432141e-08,6.772007327526808e-05,False,-1548.71533203125,False,77.0,53.05825395827298,8.618478375410632e-08,-27.735044414911115,8.075144108943277e-08,1.5557203369098715e-05,False,-1543.5269775390625,False,37.0,53.058254192565414,3.2592194543212827e-07,-27.735046145041792,3.2134951766238373e-07,0.00081133923958987,False,-168.41171264648438,False,9.0,,,,,,,,,,,,,,,,,,,,,,,,,,,,,,,,,,,,,,,,,,,,,,,,,,,,,,,,,,,,,,,,,,,,,,,,,,,,,,,,,,,,,,,,,,,,,,,,,,,,,,,,,,,,,,,,,,,,,,,,,,
[PBM2009] s74928,M4.0,M,20.57999992370605,53.17673227245,-27.79974415463,ECDFS,510,48,101,89,151,88,33,5063,34,7.553709479129512e+17,53.17693872106032,-27.799702441002584,0.6743680081198286,matched,5063.0,34.0,53.17693872106032,9.454267058117694e-08,-27.799702441002584,8.871397483289911e-08,False,0.007692546118050814,565.5414428710938,231.67893981933594,643.2322998046875,330.7992858886719,556.9542236328125,486.2976989746094,-376.5307922363281,974.4823608398438,543.9241943359375,110.23900604248047,7660.892578125,48.10308837890625,7929.8486328125,67.76412200927734,8256.80078125,98.89627075195312,9302.02734375,197.36045837402344,7667.60986328125,28.102739334106445,25542.126953125,94.77005767822266,26076.041015625,132.47557067871094,26496.1953125,192.47052001953125,28402.21484375,382.62677001953125,25433.251953125,52.6463508605957,90407.8984375,69.32035827636719,92109.3671875,95.13043975830078,93077.9375,136.739013671875,94929.8828125,269.7273254394531,90391.984375,42.18276596069336,159625.578125,185.08291625976562,162651.84375,257.5025329589844,163927.6875,372.9910888671875,165764.515625,739.2778930664062,158739.75,104.57608032226562,203741.1875,1349.7457275390625,209693.625,1905.4119873046875,213291.15625,2782.226806640625,214311.578125,5541.73828125,205219.46875,630.8990478515625,53.17691585295325,0.00013066332030575722,-27.799683516876726,0.00013820278400089592,0.8815264701843262,False,-0.1584048569202423,False,4.0,53.17694197336353,9.18503303637408e-07,-27.79969994255226,8.224121756938985e-07,0.0022514055017381907,False,-57.090389251708984,False,35.0,53.176943072184855,4.7114014023463824e-07,-27.799701613403325,4.0930891032076033e-07,0.0001095776678994298,False,-154.4350128173828,False,37.0,53.17693872106032,9.454267058117694e-08,-27.799702441002584,8.871397483289911e-08,0.00019849625823553652,False,-995.5230102539062,False,80.0,53.176940675611,1.341200714932711e-07,-27.799703065537447,1.204579405111872e-07,0.00011064790305681527,False,-697.0050659179688,False,37.0,53.17693975657767,4.0753329244580527e-07,-27.799704617695962,5.422574531621649e-07,5.196717756916769e-05,False,-314.7315368652344,False,4.0,,,,,,,,,,,,,,,,,,,,,,,,,,,,,,,,,,,,,,,,,,,,,,,,,,,,,,,,,,,,,,,,,,,,,,,,,,,,,,,,,,,,,,,,,,,,,,,,,,,,,,,,,,,,,,,,,,,,,,,,,,
[PBM2009] s128247,M2.0,M,20.78899955749512,53.096601921410006,-27.69426512196,ECDFS,510,48,101,89,151,88,33,5063,34,7.553709479129562e+17,53.09676281369658,-27.694095099640975,0.7985398232014884,matched,5063.0,34.0,53.09676281369658,1.391709929521312e-07,-27.694095099640975,1.3654909025717643e-07,False,0.0094675337895751,68.85882568359375,234.00547790527344,-79.62934875488281,333.6907958984375,-849.2179565429688,489.5885009765625,-3221.1708984375,980.3385009765625,623.4922485351562,113.01918029785156,6512.578125,55.89168930053711,6593.76708984375,78.84828186035156,6524.6845703125,115.08106994628906,7390.97119140625,227.86485290527344,6656.70654296875,30.899158477783203,21831.673828125,87.68162536621094,22253.572265625,123.18072509765625,22304.21875,179.4761505126953,24110.958984375,357.35760498046875,21803.728515625,46.34029769897461,54818.84375,70.73533630371094,55664.796875,98.50003814697266,56004.9609375,142.79052734375,57665.27734375,281.8231201171875,54681.72265625,38.3474235534668,81952.578125,204.5479278564453,83272.40625,288.83782958984375,84068.0390625,422.5459289550781,85882.9296875,844.2264404296875,83120.234375,101.18647003173828,100419.4140625,825.9552001953125,101328.8828125,1170.9171142578125,102636.9765625,1714.0623779296875,101225.5,3443.214599609375,100196.7578125,423.60186767578125,53.096745123322094,2.762516487564426e-05,-27.69414509236034,3.366252713021822e-05,0.8145208954811096,False,-0.9895893335342407,False,4.0,53.096764689914686,1.0479417369424482e-06,-27.694094457010912,9.65924527918105e-07,0.008277813903987408,False,-68.4336929321289,False,29.0,53.09676459506725,4.7066836827980296e-07,-27.694096857993944,4.137819757943362e-07,0.0005349182756617665,False,-111.93736267089844,False,31.0,53.09676281369658,1.391709929521312e-07,-27.694095099640975,1.3654909025717643e-07,3.30637012666557e-05,False,-589.5111694335938,False,71.0,53.0967634759723,2.415587516679807e-07,-27.694095977281098,2.2434259960846248e-07,0.003384304465726018,False,-219.8832550048828,False,33.0,53.096764747191685,9.618665899324697e-07,-27.69409493723002,9.309125061918166e-07,0.0023242917377501726,False,-42.418277740478516,False,9.0,,,,,,,,,,,,,,,,,,,,,,,,,,,,,,,,,,,,,,,,,,,,,,,,,,,,,,,,,,,,,,,,,,,,,,,,,,,,,,,,,,,,,,,,,,,,,,,,,,,,,,,,,,,,,,,,,,,,,,,,,,
[PBM2009] s108497,M1.7,M,20.940000534057617,53.09306222257,-27.73579776956,ECDFS,510,48,101,89,151,88,33,5063,34,7.553709479129542e+17,53.09305812462944,-27.735830641329446,0.11905658149014282,matched,5063.0,34.0,53.09305812462944,1.7090327730784338e-07,-27.735830641329446,1.6126364243973512e-07,False,0.009166757576167583,636.9368286132812,236.00962829589844,887.6007080078125,337.1717529296875,1234.3104248046875,494.6009521484375,591.6748657226562,1019.810791015625,536.4957885742188,113.011474609375,5494.92138671875,48.87459182739258,5583.85205078125,69.19390869140625,5487.6748046875,101.13573455810547,5772.5302734375,200.9156494140625,5531.0498046875,26.761978149414062,19814.8203125,81.76813507080078,20227.22265625,114.94847869873047,20379.37109375,167.3668212890625,21225.787109375,332.9391784667969,19898.4921875,41.82126235961914,45602.6953125,72.07768249511719,46259.55078125,100.7984848022461,46442.3984375,146.3329315185547,46838.9609375,289.6523132324219,45471.69140625,38.1461181640625,66065.625,206.46029663085938,67335.890625,291.20550537109375,67736.8125,424.5783386230469,67901.03125,838.7998046875,65879.90625,100.63136291503906,79036.96875,855.7611083984375,79678.78125,1214.9991455078125,80239.9921875,1779.7620849609375,75676.75,3580.236328125,80282.265625,435.86376953125,53.09308109142388,9.520263120066375e-05,-27.735826702546756,0.0001039220005623065,,True,-0.06798779219388962,False,4.0,53.09305826850041,1.1938906254727044e-06,-27.735825993115515,1.0379746981925564e-06,0.00021572844707407057,False,-31.94731903076172,False,35.0,53.09306062075943,4.429463160704472e-07,-27.735828893664177,4.0654882127455494e-07,0.00013311499787960202,False,-130.7417449951172,False,34.0,53.09305812462944,1.7090327730784338e-07,-27.735830641329446,1.6126364243973512e-07,4.329792136559263e-05,False,-348.72412109375,False,75.0,53.093060276963676,3.1512328746430285e-07,-27.735829588907677,2.834825352238113e-07,0.0008355450117960572,False,-183.697021484375,False,35.0,53.09305965943691,1.1753041917472729e-06,-27.73583189472992,1.218934357893886e-06,0.001412301673553884,False,-31.43284034729004,False,9.0,,,,,,,,,,,,,,,,,,,,,,,,,,,,,,,,,,,,,,,,,,,,,,,,,,,,,,,,,,,,,,,,,,,,,,,,,,,,,,,,,,,,,,,,,,,,,,,,,,,,,,,,,,,,,,,,,,,,,,,,,,
SDSS J021726.52-050827.3,sdA,S,19.8700008392334,34.36053599748,-5.14093176459,XMM-LSS,222,72,22,20,54,28,26,8523,54,,,,,no_table,,,,,,,,,,,,,,,,,,,,,,,,,,,,,,,,,,,,,,,,,,,,,,,,,,,,,,,,,,,,,,,,,,,,,,,,,,,,,,,,,,,,,,,,,,,,,,,,,,,,,,,,,,,,,,,,,,,,,,,,,,,,,,,,,,,,,,,,,,,,,,,,,,,,,,,,,,,,,,,,,,,,,,,,,,,,,,,,,,,,,,,,,,,,,,,,,,,,,,,,,,,,,,,,,,,,,,,,,,,,,,,,,,,,,,,,,,,,,,,,,,,,
