simbad_id,target_ra,target_dec,visit,detector,band,day_obs,physical_filter,sep_arcsec,src_ra,src_dec,sourceId,parentSourceId,x,y,xErr,yErr,ra,dec,raErr,decErr,calibFlux,calibFluxErr,ap09Flux,ap09FluxErr,ap09Flux_flag,ap12Flux,ap12FluxErr,ap12Flux_flag,ap17Flux,ap17FluxErr,ap17Flux_flag,ap25Flux,ap25FluxErr,ap25Flux_flag,ap35Flux,ap35FluxErr,ap35Flux_flag,sky,skyErr,psfFlux,psfFluxErr,extendedness,sizeExtendedness,apFlux_12_0_flag,apFlux_12_0_instFlux,apFlux_12_0_instFluxErr,apFlux_17_0_flag,apFlux_17_0_instFlux,apFlux_17_0_instFluxErr,apFlux_35_0_flag,apFlux_35_0_instFlux,apFlux_35_0_instFluxErr,extendedness_flag,sizeExtendedness_flag,localBackground_instFlux,localBackground_instFluxErr,localBackground_flag,sky_source
SDSS J021726.52-050827.3,34.36053599748,-5.14093176459,2025071900567,-1,u,20250719,u_24,0.1077069539310254,34.3605465146046,-5.140959789591872,745548124574973966,0,3887.1866575448025,143.91260859533523,0.75854135,0.63947636,34.3605465146046,-5.140959789591872,3.553012e-05,4.2177588e-05,16110.278711689389,950.5349723675578,13171.145766022257,582.6039996618046,False,14427.734309674965,756.5002253983126,False,14576.551299247123,1054.075949257473,False,11586.665217304962,1527.6455090778668,False,9786.27663069719,2127.0905636284137,False,-1.6579861293058715,33.61278881400431,14484.052280317508,538.3747277414568,0.0,0.052351634264306,False,4192.9677734375,219.85302734375,False,4236.216756820679,306.3340640413897,False,2844.073896408081,618.1720561970811,False,False,-0.4818415878593009,9.768501224615056,False,False
SDSS J021726.52-050827.3,34.36053599748,-5.14093176459,2025071900568,-1,u,20250719,u_24,0.1322809074006397,34.36057260339471,-5.1409363404854655,745548124709191694,0,3886.5838942928935,142.82679313012167,0.1803242,0.19803151,34.36057260339471,-5.1409363404854655,1.1001186e-05,1.002848e-05,15214.855618800504,942.3946683580922,15387.899783504114,578.7137050185999,False,17474.160437827162,749.5197108981025,False,20466.697096472824,1044.4021293660733,False,23740.55044216432,1511.1851723304678,False,27832.64236146267,2101.268611644562,False,2.255189046606295,32.954192404055455,16051.142503900315,526.8228871748342,1.0,0.2806254873467946,False,5134.94287109375,220.25326538085935,False,6014.327310562134,306.90717804868166,False,8178.878120422363,617.4771209184904,False,False,0.6627080573651676,9.683892737504124,False,False
SDSS J021726.52-050827.3,34.36053599748,-5.14093176459,2025071900569,-1,u,20250719,u_24,0.125943744148404,34.3605517984848,-5.140963009418469,745548124843409424,0,3867.492380889958,136.4921731792348,0.19093895,0.20897895,34.3605517984848,-5.140963009418469,1.1610691e-05,1.0619618e-05,15078.118458359262,934.1834348183892,13581.373688116166,575.1102013927881,False,14561.590865783854,745.9661171347987,False,14294.677284764946,1041.7124757718425,False,13938.370409482972,1513.4510608147198,False,10272.274686624794,2098.63442643367,False,-1.672581072794272,32.98765463664415,14781.158881617675,509.977930410658,0.0,0.001329773693306,False,4290.15283203125,219.77740478515625,False,4211.514442443848,306.9105408390611,False,3026.429512023926,618.3021148546758,False,False,-0.4927777804217236,9.718861164682885,False,False
SDSS J021726.52-050827.3,34.36053599748,-5.14093176459,2025071900570,-1,u,20250719,u_24,0.0651827878720098,34.360540792041235,-5.140949229868181,745548124977627150,0,3848.424296736626,130.76466685369874,0.17900527,0.18193606,34.360540792041235,-5.140949229868181,1.0107135e-05,9.954669e-06,15833.087727466223,923.7431849829542,14450.098987911908,571.6487420552143,False,15953.32988215712,741.4939501389056,False,16549.34466158603,1032.1213824494928,False,14891.795270307595,1491.8559435732786,False,13660.643489414504,2077.2444121924086,False,-0.4120662824181644,32.55939429549855,14645.684418595749,478.85496693127374,1.0,0.1667722179024119,False,4753.24853515625,220.9259796142578,False,4930.829416275024,307.517583192365,False,4070.1492500305176,618.9089696225858,False,False,-0.1227739580237767,9.700977437553435,False,False
SDSS J021726.52-050827.3,34.36053599748,-5.14093176459,2025072100517,-1,u,20250721,u_24,0.0303821021371486,34.36053762624033,-5.140940046687657,745556913971790100,0,1969.0254241597904,3390.054297288769,0.16786338,0.16012506,34.36053762624033,-5.140940046687657,8.973518e-06,9.262321e-06,13787.41597093954,839.2403628475934,14895.103779108793,526.0050207871769,False,15349.068608468076,676.9582058413038,False,17908.86181600997,938.7555645569316,False,18377.68963118052,1359.9879491049492,False,19455.197386811367,1893.229889800933,False,0.401710401337532,29.930918964937952,15892.363558955492,454.7075996839414,0.0,0.03325202762326,False,4744.2412109375,209.24090576171875,False,5535.447292327881,290.15981034255054,False,6013.403911590576,585.1781299626816,False,False,0.1241646049999624,9.251343052590718,False,False
SDSS J021726.52-050827.3,34.36053599748,-5.14093176459,2025072100518,-1,u,20250721,u_24,0.050306558018206,34.36054239580477,-5.140944200990115,745556914106007845,0,1968.43228781352,3389.5878773500062,0.17255904,0.14272007,34.36054239580477,-5.140944200990115,8.238759e-06,9.330477e-06,16465.781281948264,841.1031807534063,15677.721240830886,525.50172207889,False,17517.132874683313,678.3595512487772,False,19023.477654028145,942.737693310565,False,20092.79080941829,1360.8414489151344,False,23900.88577880977,1888.5976949963176,False,0.5457826552962092,29.892821874706943,15981.560337734008,446.8074477192096,0.0,0.1103897416491376,False,5451.21923828125,211.10113525390625,False,5919.984058380127,293.37391496611275,False,7437.802139282227,587.7194722440372,False,False,0.1698440567731725,9.302454166196592,False,False
SDSS J021726.52-050827.3,34.36053599748,-5.14093176459,2025072100519,-1,u,20250721,u_24,0.07421835266975,34.36055240125689,-5.140944338559772,745556914240225565,0,1953.2060736792384,3375.435801318461,0.1609189,0.1333325,34.36055240125689,-5.140944338559772,7.693454e-06,8.703179e-06,15168.504859513045,832.4008393472922,15625.93905577676,520.4907098419134,False,16395.734644601627,670.1465794218312,False,17938.09282177666,933.3979698588562,False,20841.080094015124,1350.329913915926,False,23473.747334150044,1877.551473205137,False,1.4659352981137366,29.765159579136533,15462.198405687612,421.1763178804865,0.0,0.0296873398279753,False,5135.13623046875,209.88958740234372,False,5618.202072143555,292.33979668281285,False,7351.966411590576,588.0482212976152,False,False,0.4591302325904263,9.322433710576911,False,False
SDSS J021726.52-050827.3,34.36053599748,-5.14093176459,2025072100520,-1,u,20250721,u_24,0.0212828376979485,34.36053395778804,-5.140937316491931,745556914374443319,0,1937.0687923393173,3360.908034839456,0.12959948,0.11914614,34.36053395778804,-5.140937316491931,6.7241353e-06,7.109925e-06,15591.70526551706,826.8866968764709,15174.000812621964,518.4547498085678,False,16125.691465568794,668.1740494459475,False,17564.552767538164,926.0326933710236,False,17854.33476277036,1341.3645139618243,False,19013.578134002,1866.4388755273696,False,0.5641841303638897,30.104112269442894,15003.721202201725,405.9463973190172,0.0,0.0156363448104228,False,5076.71630859375,210.3556365966797,False,5529.700954437256,291.5351125727276,False,5985.885467529297,587.5953101679263,False,False,0.1776173618218927,9.477425389189488,False,False
SDSS J021726.52-050827.3,34.36053599748,-5.14093176459,2025072100521,-1,u,20250721,u_24,0.019591171197176,34.360539341317384,-5.14093606851903,745556914508661051,0,1926.7365520183976,3350.437354788573,0.12482044,0.10585236,34.360539341317384,-5.14093606851903,6.075701e-06,6.770837e-06,14934.590111562711,827.9332961104021,14717.813309584517,518.3907362216387,False,15235.961724611623,667.4248892795545,False,16407.526921826586,929.5565319195496,False,15345.38377789481,1342.0317438347874,False,14789.143905884084,1864.7920905123317,False,-0.6320728835918249,28.69281523926088,15162.163650015957,398.5876197190306,0.0,0.0119140862105893,False,4812.33740234375,210.8087310791016,False,5182.380798339844,293.60402362545443,False,4671.208267211914,589.0017897768142,False,False,-0.1996426634363799,9.062736599776644,False,False
SDSS J021726.52-050827.3,34.36053599748,-5.14093176459,2025072100522,-1,u,20250721,u_24,0.0418617948065409,34.36053627734235,-5.140943389525116,745556914642878763,0,1917.344261238215,3340.4308062604723,0.10428019,0.1031332,34.36053627734235,-5.140943389525116,5.7423863e-06,5.7876223e-06,15497.336963597276,827.8912295918132,15023.487315451484,517.309129767716,False,16206.141668000037,667.5220217800194,False,18166.523453586004,930.3457893850272,False,18746.583393909743,1343.4069157995143,False,20021.811222951856,1864.5179811626265,False,0.2537149078198596,29.020043958919505,16159.23445372464,404.9330272184246,0.0,0.0238925238566181,False,5139.41357421875,211.68960571289065,False,5761.104595184326,295.03825627563657,False,6349.46741104126,591.2899700663113,False,False,0.0804599804162987,9.203054675339112,False,False
SDSS J021726.52-050827.3,34.36053599748,-5.14093176459,2025072100523,-1,u,20250721,u_24,0.0585825008623741,34.360531536580325,-5.140947419237151,745556914777096719,745556914777096511,1913.413721687048,3336.627490528731,0.10771505,0.09795855,34.360531536580325,-5.140947419237151,5.5400387e-06,5.899911e-06,14712.646253779196,822.4019772524207,14603.326454050524,513.6499019851648,False,15180.384684821882,662.184706846016,False,15322.589495757917,924.3752022316388,False,16105.07574166909,1336.9869999405746,False,16476.521487410562,1855.5556394867472,False,0.5845514415335491,29.29398713137608,15279.255714347126,388.6534208616175,0.0,0.0109983419287423,False,4832.03466796875,210.77854919433597,False,4877.299566761591,294.2358257798203,False,5244.605106371455,590.637810865864,False,False,0.1860672762479707,9.324504241540604,False,False
SDSS J021726.52-050827.3,34.36053599748,-5.14093176459,2025072100544,-1,u,20250721,u_24,0.0276420007863985,34.36053473730911,-5.140939339649479,745556917595668736,0,2370.4653398328,2795.665428936961,0.11055608,0.11593097,34.36053473730911,-5.140939339649479,6.3977855e-06,6.19131e-06,15333.3690375195,740.2954974215822,15344.992788525738,466.23095343314026,False,15912.124959571323,597.7887344958817,False,17077.508230684813,829.9881979910658,False,15482.698935495928,1196.0478645236003,False,16097.74767262361,1659.6775567930017,False,-0.3881515537342527,26.006642779818307,15316.82949353343,365.53315655932585,0.0,0.0845837500508772,False,5570.52685546875,209.27426147460935,False,5978.504974365234,290.56279776449816,False,5635.5097732543945,581.0209777150498,False,False,-0.1358843435155392,9.104422092815389,False,False
SDSS J021726.52-050827.3,34.36053599748,-5.14093176459,2025072100545,-1,u,20250721,u_24,0.0518002134605388,34.36053392249534,-5.140946004352599,745556917729886481,0,2369.6227412931294,2795.05735501257,0.114564896,0.11589814,34.36053392249534,-5.140946004352599,6.4281517e-06,6.380369e-06,15106.975992354795,736.7466202008792,14356.418763974469,462.1667363548525,False,15305.012674806438,594.4714395007649,False,16233.613841539522,825.0268269757792,False,15366.595763740865,1189.746634055551,False,17513.700657514197,1652.6737576414423,False,0.3818041274032995,26.17258596869192,14955.476239933138,368.99433672233545,0.0,6.274449589005471e-06,False,5368.1689453125,208.50836181640625,False,5693.871906280518,289.3746961027655,False,6142.856983184814,579.668382575574,False,False,0.1339161948746606,9.179924656117969,False,False
SDSS J021726.52-050827.3,34.36053599748,-5.14093176459,2025072100546,-1,u,20250721,u_24,0.0219210308052078,34.36053779244622,-5.140937585416447,745556917864104213,0,2366.699417515953,2793.781585325058,0.10766617,0.1020416,34.36053779244622,-5.140937585416447,5.71626e-06,5.940591e-06,15666.03448674558,736.007758199674,14640.573078088775,462.0835762775261,False,15939.312273769354,595.248004516785,False,16318.767092413564,824.0912352905012,False,17434.694934528605,1190.167842631216,False,18025.295213207963,1651.563680147518,False,0.7532985520139723,26.176441226891512,15597.398814660575,371.5444257091592,0.0,0.0141210298038717,False,5596.6337890625,209.0043182373047,False,5729.868499755859,289.3560759385504,False,6329.067058563232,579.8993669452819,False,False,0.264499249217373,9.191108934412334,False,False
SDSS J021726.52-050827.3,34.36053599748,-5.14093176459,2025072100547,-1,u,20250721,u_24,0.0536402513125891,34.360542551966546,-5.1409451584592105,745556917998321965,0,2362.630361713896,2795.924716218616,0.09992325,0.10583233,34.360542551966546,-5.1409451584592105,5.8324836e-06,5.604742e-06,13138.354256140814,731.8860214082792,13885.47091669318,458.8251259687925,False,14340.124001542614,589.0335024451955,False,15697.541802158856,820.0318412506059,False,16887.886011568262,1185.0802851636247,False,16173.956904393302,1643.1299077896103,False,-0.2616810347725659,25.542023786453363,14795.331180633224,362.4560326019495,0.0,0.0330708254402398,False,5056.6162109375,207.7050628662109,False,5535.269035339356,289.15972424692274,False,5703.262584686279,579.4006612154394,False,False,-0.0922739972390415,9.006631429744788,False,False
SDSS J021726.52-050827.3,34.36053599748,-5.14093176459,2025072100548,-1,u,20250721,u_24,0.0395428070729543,34.360537662047626,-5.140942622868038,745556918132539693,0,2355.103991393172,2797.8722556654056,0.12160644,0.11022291,34.360537662047626,-5.140942622868038,6.2210675e-06,6.6709576e-06,15778.675472266315,727.8960194791628,15503.433451290022,461.9254041803168,False,15440.720234223,590.157039504793,False,15488.284421098457,814.5873987232047,False,16320.75409240447,1179.7403549533385,False,18849.234231881423,1639.5583501674953,False,0.8068933690459492,25.75430450707698,15836.547725518907,365.8941954101986,0.0,0.0232015417381615,False,5454.7646484375,208.485595703125,False,5471.567714691162,287.77041991665857,False,6658.895114898682,579.2090519017302,False,False,0.2850523393834395,9.098258866120013,False,False
SDSS J021726.52-050827.3,34.36053599748,-5.14093176459,2025072100549,-1,u,20250721,u_24,0.0749497660649666,34.360542455793706,-5.140951565389057,745556918266757389,0,2351.2199759053283,2800.2680690746706,0.12564698,0.13391122,34.360542455793706,-5.140951565389057,7.3738806e-06,7.0546735e-06,15385.351500480025,736.243291720661,15166.411013133817,461.8983261407169,False,16536.840684322928,593.6916958288305,False,17568.168703782732,821.6899587054926,False,19031.231409165648,1186.250823114961,False,22393.878503870903,1647.0821112913768,False,1.1630630347390156,25.51014027347651,14868.342272508607,371.3433744173345,1.0,0.1208229663353399,False,5836.0205078125,209.51988220214844,False,6199.98673248291,289.9828051566671,False,7903.029163360596,581.272152465025,False,False,0.4104568612703815,9.00278986991269,False,False
SDSS J021726.52-050827.3,34.36053599748,-5.14093176459,2025072100550,-1,u,20250721,u_24,0.0377565972683707,34.36053525732337,-5.140942226594092,745556918400975125,0,2348.016456814395,2801.5913536930457,0.114069,0.10865392,34.36053525732337,-5.140942226594092,6.081698e-06,6.298467e-06,13808.105174668925,729.3244430969137,14334.827739740163,457.958111271898,False,14689.151808557515,587.3674253385869,False,16269.446565857445,817.1862673508559,False,16972.798472021692,1177.846098886206,False,16934.950747877934,1636.509152835299,False,0.1311239324212343,25.51717575839101,15243.879592425512,367.83967085875145,0.0,0.00355367436687,False,5205.24072265625,208.1392364501953,False,5765.233207702637,289.5777300314962,False,6001.060947418213,579.912591030298,False,False,0.0464650132049292,9.042254046784002,False,False
SDSS J021726.52-050827.3,34.36053599748,-5.14093176459,2025072100551,-1,u,20250721,u_24,0.0659445895824496,34.36053967967479,-5.140949711659094,745556918535192856,0,2344.7570535309683,2801.658809313222,0.11928915,0.12840652,34.36053967967479,-5.140949711659094,7.061294e-06,6.708944e-06,14748.12307698181,728.5240113197052,14651.190641087482,457.6037764374007,False,15208.844046043883,587.0812104099165,False,16009.437055912864,814.5141463912694,False,16775.1007664396,1176.0750396437445,False,16703.833838288698,1634.8079367826265,False,-0.1291597934812996,25.85699296705905,15574.402030405192,372.8423245985011,0.0,0.0029483701677539,False,5397.5771484375,208.353515625,False,5681.705417633057,289.06884246631364,False,5928.144936189055,580.1888647781523,False,False,-0.0458384573923559,9.176576072697037,False,False
SDSS J021726.52-050827.3,34.36053599748,-5.14093176459,2025072800385,-1,u,20250728,u_24,0.0481384443839985,34.360524533667835,-5.140938724544953,745587682582200420,0,1400.0463776292129,1263.4824135384415,0.16825804,0.1483994,34.360524533667835,-5.140938724544953,8.529893e-06,9.0841295e-06,14400.85457820476,668.375450214649,14265.43791541003,420.191100182816,False,15215.668126337085,537.0089591222722,False,16647.396735383067,741.7876930818488,False,18064.51197435686,1068.765354213558,False,16221.545356444172,1481.188796474646,False,-0.3228320481584664,23.15081318930151,14932.815506833109,372.3502488758515,0.0,0.0418267002995541,False,5792.484375,204.43505859375,False,6337.532119750977,282.3927011332815,False,6175.413871765137,563.8768464694343,False,False,-0.1228996044853493,8.813331268408481,False,False
SDSS J021726.52-050827.3,34.36053599748,-5.14093176459,2025072800386,-1,u,20250728,u_24,0.0523385866743951,34.36054385207025,-5.14094401892174,745587682716418155,0,1398.8866287702006,1263.3169315218108,0.13877192,0.13595288,34.36054385207025,-5.14094401892174,7.587647e-06,7.670682e-06,14767.601646158037,670.7771691731048,14552.823531240518,421.8265775246171,False,15327.53943529374,538.081178229733,False,16702.346943764507,743.5391393830529,False,15998.799715510266,1068.5973405617242,False,16796.434096480665,1484.0263728904886,False,0.4054357342086814,23.27702099759556,15676.308837110942,385.7562961319276,0.0,0.0016691102548459,False,5830.26220703125,204.6743621826172,False,6353.209043502808,282.8260962624936,False,6388.997747421265,564.4913139925167,False,False,0.1542189239516083,8.854071874188817,False,False
SDSS J021726.52-050827.3,34.36053599748,-5.14093176459,2025072800387,-1,u,20250728,u_24,0.1012780307456897,34.36054565825152,-5.140958200787409,745587682850635876,0,1397.464072516825,1262.0882468859672,0.17266475,0.15256235,34.36054565825152,-5.140958200787409,8.764336e-06,9.325121e-06,14513.934464244783,666.8240049929816,13291.334594825214,417.3538307777167,False,14454.04807743577,535.5135116190597,False,14924.834061083158,739.5155196037042,False,14331.049578945736,1064.0335674637213,False,12876.417484565543,1478.050691655331,False,-0.2828993678668495,23.37453893137884,14191.422521850813,385.3367669863249,0.0,0.0101643366214091,False,5499.7060546875,203.7606964111328,False,5678.838191986084,281.3826243631393,False,4899.42407989502,562.3922305005904,False,False,-0.1076420500325745,8.893916264684167,False,False
SDSS J021726.52-050827.3,34.36053599748,-5.14093176459,2025072800388,-1,u,20250728,u_24,0.0432573886272998,34.36054782459595,-5.140934136362471,745587682984853610,0,1398.5356789777788,1262.2452168487914,0.16652296,0.13769206,34.36054782459595,-5.140934136362471,8.076963e-06,8.874801e-06,14977.829158935225,661.677311133002,13413.90110173658,413.9594331878052,False,15276.380166013752,532.3716944523482,False,16156.48304530028,734.5383554799066,False,18018.4713067902,1059.9321538809106,False,16590.80251134538,1468.5416102215286,False,0.2143624010135526,22.99990791445685,14940.005724374729,381.8485577893068,0.0,0.0333943923679176,False,5850.12158203125,203.8728485107422,False,6187.158811569214,281.29299215679623,False,6353.482355117798,562.3810663720657,False,False,0.0820905276588606,8.807862609654189,False,False
SDSS J021726.52-050827.3,34.36053599748,-5.14093176459,2025072800389,-1,u,20250728,u_24,0.0673250978882596,34.36053894076511,-5.140950234825322,745587683119071339,0,1405.6193050376637,1242.2667584177675,0.14378464,0.13352533,34.36053894076511,-5.140950234825322,7.5607722e-06,7.849698e-06,13253.484952131246,660.7203004964144,13681.76522373964,413.49294793711823,False,14383.006368330309,529.6367691189421,False,16848.505040890854,735.7599939872428,False,18360.659396666877,1061.5904648358564,False,19161.116027643213,1471.224230802441,False,0.7665421637026295,22.90685711934784,14394.395157354467,375.2053248746048,0.0,0.0008204678241495,False,5511.27197265625,202.94590759277344,False,6456.000312805176,281.9280844088477,False,7342.145238876343,563.7428407573958,False,False,0.2937231782067275,8.77743612082949,False,False
SDSS J021726.52-050827.3,34.36053599748,-5.14093176459,2025072800390,-1,u,20250728,u_24,0.0332114494779295,34.360538398306126,-5.140940674717261,745587683253289067,0,1416.389118293395,1224.3505534657131,0.14452732,0.14032382,34.360538398306126,-5.140940674717261,7.850409e-06,7.97285e-06,13118.00181931844,659.3379223211901,13033.3667076935,413.891993072666,False,13304.281338911693,528.957578034314,False,13997.800051739054,732.6947767988678,False,13773.266764709728,1055.3518167959162,False,14928.274227838305,1463.4043772591035,False,0.0233840673995764,23.047323265386037,14206.7283658639,378.4953277192936,0.0,0.1554307716494459,False,5108.677734375,203.11309814453125,False,5374.980251312256,281.34563581255617,False,5732.270704269409,561.9289887252223,False,False,0.0089791895871853,8.849884048863021,False,False
SDSS J021726.52-050827.3,34.36053599748,-5.14093176459,2025110500301,-1,g,20251105,g_6,0.0717545436036321,34.36052373886755,-5.140947519283193,746027475951681708,0,2282.860232293608,3084.382110293096,0.19029716,0.23881243,34.36052373886755,-5.140947519283193,1.2529726e-05,1.14211325e-05,39199.037644755015,2001.7409201237977,34731.22655920652,1142.6679255703834,False,40899.653895749165,1523.8478630506197,False,46126.956965493526,2172.07531317208,False,47759.75407661195,3188.4260028950284,False,46299.38444243344,4462.0637441924055,False,0.3523733769807555,70.34052442128717,39979.78700379274,1112.6031624799118,0.0,0.0108719771293216,False,79640.546875,2967.26416015625,False,89819.24609375,4229.504392277761,False,90155.0,8688.611343371958,False,False,0.6861478221421969,136.96834322032817,False,False
SDSS J021726.52-050827.3,34.36053599748,-5.14093176459,2025110500302,-1,g,20251105,g_6,0.0512202956543617,34.36054914610034,-5.140937326417149,746027476080132209,0,3222.0,2045.0,1.1619842,0.4472091,34.36054914610034,-5.140937326417149,4.2419564e-05,5.4616132e-05,38119.932545031166,1995.934025179662,33689.76723336964,1155.1820784759952,True,37007.22992401823,1540.2551299915308,True,38443.57752459517,2185.6815930033213,True,37006.48840260601,3220.633934979868,True,33348.57899046563,4512.354109978991,True,-1.33854918624462,72.42123624745264,31864.37303371395,971.4821582829836,,,True,73593.5703125,3062.99267578125,True,76449.9296875,4346.505056597915,True,66317.87890625,8973.388447323703,True,True,-2.66187482437586,144.01881342748115,True,False
SDSS J021726.52-050827.3,34.36053599748,-5.14093176459,2025110500306,-1,i,20251105,i_39,0.0557812741987678,34.360527336853806,-5.140944636442035,746027476620673842,0,1414.5986413888684,3481.1309915865177,0.08490165,0.087342985,34.360527336853806,-5.140944636442035,4.8210127e-06,4.7407584e-06,37590.65893676425,2198.5903450682936,37774.50082979977,1303.9803313788032,False,37226.332009607264,1737.235677012092,False,38436.77134922233,2476.685960220699,False,37962.44445932124,3635.888190826509,False,37741.940496039024,5089.068665249203,False,-0.341945278351992,78.85021448334425,40172.39577462372,836.8994597198205,0.0,0.0049219814642764,False,61050.6015625,2849.039306640625,False,63035.703125,4061.726191929132,False,61896.19140625,8345.992920445417,False,False,-0.5607849019199102,129.31311702420672,False,False
SDSS J021726.52-050827.3,34.36053599748,-5.14093176459,2025110500307,-1,i,20251105,i_39,0.0247342037492437,34.3605344695156,-5.140938464543862,746027476768522427,0,1630.20677177047,813.2947668074796,0.08586972,0.11351966,34.3605344695156,-5.140938464543862,5.997171e-06,5.1515494e-06,37153.18318456163,2060.5377006669523,34896.939825832414,1220.324354286249,False,36730.69652911268,1626.2540114032522,False,35367.98874498968,2315.470658769505,False,39009.76852859592,3402.894778252484,False,44402.963379575405,4760.54623918808,False,3.177428671797241,76.5843124680339,37974.33533103837,835.8480415951848,0.0,0.0116709696717833,False,60209.046875,2665.759521484375,False,57975.29296875,3795.525122183359,False,72785.4453125,7803.498946411195,False,False,5.208448788619546,125.53719082410475,False,False
SDSS J021726.52-050827.3,34.36053599748,-5.14093176459,2025110800056,-1,y,20251108,y_10,0.0499332146914823,34.36053398627055,-5.140945489522587,746040637233037326,0,1730.2484543982075,65.95517575214095,0.07283423,0.081033714,34.36053398627055,-5.140945489522587,4.25011e-06,4.305092e-06,34789.22705446048,4197.797950618417,31704.140788713936,2464.717400398891,False,33220.67197826325,3287.160447551832,False,35490.0636457482,4678.503934242686,False,41251.91107322332,6884.443539288271,False,40398.09374461606,9633.51534230262,False,5.357265677287384,156.800022038669,34582.50404936239,1154.741019491128,0.0,0.0342937000927581,False,13663.78515625,1352.021240234375,False,14597.1943359375,1924.2859582127105,False,16615.88525390625,3962.300462278087,False,False,2.2034631715849424,64.49242854068376,False,False
SDSS J021726.52-050827.3,34.36053599748,-5.14093176459,2025110800057,-1,y,20251108,y_10,0.0486759415341921,34.3605289610833,-5.140943327749686,746040637367255057,0,1728.2583206721265,66.96582442363277,0.09493615,0.09197585,34.3605289610833,-5.140943327749686,5.195214e-06,5.181697e-06,31912.258703843767,4185.461715047189,27831.418282667448,2455.10696229986,False,29048.196579186293,3275.614936900085,False,31914.34640902579,4662.582128596119,False,23313.40545550047,6859.23690411057,False,25897.467893844285,9596.588182868649,False,-3.714475674632182,154.84504228048627,32311.38744423081,1204.7119686126164,0.0,0.1394907776889384,False,12051.8984375,1359.0302734375,False,13241.04443359375,1934.4734919140064,False,10744.6826171875,3981.558917475676,False,False,-1.541110597251589,64.2441508555465,False,False
SDSS J021726.52-050827.3,34.36053599748,-5.14093176459,2025110800166,-1,z,20251108,z_20,0.0675611444872205,34.36053247979039,-5.140950201643044,746040651966578810,0,943.0830557714144,359.88709783409337,0.056618024,0.04156882,34.36053247979039,-5.140950201643044,2.412266e-06,3.0655126e-06,36242.3344345076,1406.2238581543847,35506.38528904935,847.7113908313149,False,36529.738535467775,1123.4272422281708,False,38281.82333277177,1591.294316545794,False,37301.21941758297,2336.286564521077,False,33280.561002372306,3266.5356597963314,False,-1.3826325969672817,51.08847198405259,37262.94725077296,518.6713213841462,0.0,4.092111283127142e-05,False,43935.92578125,1351.1954345703125,False,46043.2353515625,1913.919775801255,False,40027.99682617188,3928.806338738836,False,False,-1.6629531334890388,61.44635585577594,False,False
SDSS J021726.52-050827.3,34.36053599748,-5.14093176459,2025110800167,-1,z,20251108,z_20,0.0527169246778243,34.3605306716379,-5.140945413688336,746040652103943047,0,2422.757214297683,2124.150932063924,0.041098174,0.0313092,34.3605306716379,-5.140945413688336,1.8185129e-06,2.2174088e-06,36137.04681436604,1404.9134680146783,36231.53109770061,845.8994978478163,False,36918.97921887154,1120.8524825209206,False,37189.83504137698,1592.4674824965189,False,40748.12637901293,2332.3572909801787,False,48833.4471723242,3261.984983818309,False,3.292869982637169,52.64351397936866,36569.83630901328,436.1011903498621,0.0,0.0059274951081419,False,44597.296875,1353.964599609375,False,44924.48461914063,1923.6649166177,False,58989.706298828125,3940.4045237192177,False,False,3.977712907928407,63.59218134289678,False,False
SDSS J021726.52-050827.3,34.36053599748,-5.14093176459,2025110800170,-1,r,20251108,r_57,0.0656482394322946,34.36053344455543,-5.140949822076485,746040652534383140,0,2383.7645466024637,1350.049638809683,0.016225982,0.025384078,34.36053344455543,-5.140949822076485,1.0170618e-06,1.3290113e-06,42903.46212409638,561.7578507180126,42295.36082752298,353.96879119775394,False,43347.18209407369,455.3741901893135,False,44116.00486897959,631.8731537181887,False,45227.106486257326,916.3871145714074,False,45207.53107773632,1273.7800075828118,False,0.2148459856456244,19.916860435713605,43028.79171433704,265.8463390475278,0.0,0.0001512554168764,False,91050.796875,956.513916015625,False,92665.7098388672,1327.25015538729,False,94958.46166992188,2675.576107396261,False,False,0.4512841954979899,41.83538413141308,False,False
SDSS J021726.52-050827.3,34.36053599748,-5.14093176459,2025110800171,-1,r,20251108,r_57,0.0755921988165737,34.36053262959923,-5.140952492769916,746040652668602211,746040652668600857,2382.8034473674297,1352.4427750590546,0.017074384,0.02609635,34.36053262959923,-5.140952492769916,1.0613925e-06,1.3691672e-06,43442.519129027205,563.7986127989615,42028.606318571205,355.0189555544423,False,43034.21593050352,457.03140451652393,False,43223.37052064423,636.2333856726956,False,42235.05440853163,919.8525855532972,False,40640.29493428785,1280.288094919691,False,-0.4680874374103591,20.12689250554837,43272.4126167783,265.98793778332845,0.0,0.0006146064278499,False,90479.21875,960.9061889648438,False,90876.91530770063,1337.6774372117482,False,85446.01210725307,2691.7991672098788,False,False,-0.9841514415407004,42.31668848592727,False,False
SDSS J021726.52-050827.3,34.36053599748,-5.14093176459,2025110800172,-1,r,20251108,r_57,0.0830571823527809,34.36053240258153,-5.14095455651383,746040652780275299,0,2351.688890567661,3943.981032093076,0.014645258,0.022320239,34.36053240258153,-5.14095455651383,9.249556e-07,1.157859e-06,43570.09282882418,573.4009842235818,42496.94968534791,361.272376154861,False,43796.99635187974,465.12240443606265,False,44899.7996379264,646.5749749985914,False,44687.90070527727,936.2009090972612,False,45007.631639865445,1300.9228658234572,False,-0.1782330383387325,20.70137263622963,44068.75369440766,273.2016220887954,0.0,0.0002678409343138,False,91581.390625,972.5908203125,False,93887.3994140625,1352.0158980298238,False,94112.88073730467,2720.285295154928,False,False,-0.3726928982809001,43.28745466105149,False,False
SDSS J021726.52-050827.3,34.36053599748,-5.14093176459,2025110800173,-1,r,20251108,r_57,0.072609667056396,34.3605317710419,-5.140951489787185,746040652914493137,0,2352.735353983145,3947.488082274279,0.015115132,0.022079732,34.3605317710419,-5.140951489787185,9.3889565e-07,1.1510632e-06,43791.34486271474,577.3803011571279,43227.77346866142,363.2529338901042,False,44640.336499687175,467.8125905571696,False,45756.325873072754,650.4636232724689,False,47134.80960368621,943.310306062326,False,46686.15714237327,1310.896987121586,False,0.0331404632868398,20.75737524963055,43990.20731722661,263.01942320446284,0.0,0.0003461534557621,False,93363.0234375,978.4065551757812,False,95697.05920410156,1360.412023445528,False,97641.75463867188,2741.675258958642,False,False,0.0693116157536249,43.4130085902426,False,False
SDSS J021726.52-050827.3,34.36053599748,-5.14093176459,2025110900311,-1,g,20251109,g_6,0.08810544629546,34.360533756993604,-5.140956136381782,746045069490389089,0,44.07463951049312,312.51218172107184,0.01724471,0.015422277,34.360533756993604,-5.140956136381782,8.576288e-07,9.575851e-07,39918.956423682735,537.1363967491864,39890.67216145887,335.773106932361,False,40837.27755502127,433.8065404517169,False,42286.08680934416,605.8206125169376,False,43339.53024263648,876.2572357755693,False,43931.57751876565,1221.5389589467848,False,0.7523925870296145,19.31456796837881,41943.71684003328,227.83509105252065,0.0,0.0011602675236442,False,90869.2734375,965.2868041992188,False,94093.0986328125,1348.0447813570383,False,97754.57055664062,2718.1135550855565,False,False,1.674190147250291,42.97790800772882,False,False
SDSS J021726.52-050827.3,34.36053599748,-5.14093176459,2025110900312,-1,g,20251109,g_6,0.0873364431541235,34.36053730651823,-5.140955989654508,746045069605209163,0,3650.6051457961344,3349.4702734083385,0.017958842,0.015562907,34.36053730651823,-5.140955989654508,8.6736844e-07,9.951616e-07,40040.98113108207,561.4220458696906,39230.49666462332,351.48099973329795,False,39928.6781949463,454.62602214787097,False,40451.91069815664,634.8050646047188,False,41238.4335485307,922.6935610178148,False,40480.83935804573,1283.1232317004913,False,0.607388158911654,20.24327692454561,39449.63506560707,221.6293722505048,0.0,0.0042303628223031,False,87134.9609375,992.114501953125,False,88276.79296875,1385.3129381643369,False,88339.92297363281,2800.1150482955886,False,False,1.3254819817042078,44.1761967540045,False,False
SDSS J021726.52-050827.3,34.36053599748,-5.14093176459,2025110900315,-1,i,20251109,i_39,0.0678783853955115,34.36053068557828,-5.140949862250551,746045070005766655,746045070005765957,216.6137449414453,3571.4952026867186,0.023227524,0.022562018,34.36053068557828,-5.140949862250551,1.2524745e-06,1.2886354e-06,38816.618923266215,925.8676493315464,37444.78405710495,565.0322917447301,False,38256.279895792286,743.7914044967396,False,38691.97734112517,1052.5246454772314,False,37799.32238169442,1539.250399395174,False,37962.295894316114,2146.8521693374573,False,-0.0010070639422841,34.448547466426994,40053.28563989583,319.7404202371038,0.0,0.0001563638583653,False,65617.4140625,1275.7557373046875,False,66364.72508579493,1805.2969515434163,False,65113.17083746195,3682.294465382305,False,False,-0.00172732246492,59.08636723469926,False,False
SDSS J021726.52-050827.3,34.36053599748,-5.14093176459,2025110900316,-1,i,20251109,i_39,0.0764187171968336,34.360532389373084,-5.140952685620419,746045070159382652,746045070159380839,1320.57295823859,719.7286099586985,0.02192337,0.024473934,34.360532389373084,-5.140952685620419,1.3574013e-06,1.2207539e-06,39777.13176887133,905.0821367184844,39031.58816846919,552.8620674463031,False,40313.13423548441,727.4795134526516,False,42046.09166230678,1029.7009806944486,False,42112.6619663382,1503.11947061905,False,43978.92123863095,2098.791160907373,False,0.6085989368160363,34.75484759076462,39856.68800506754,307.86359219690524,0.0,6.020743113666072e-05,False,70298.7109375,1268.5908203125,False,73320.6707906723,1795.6096187178412,False,76691.17100739479,3659.906775716234,False,False,1.061284902488214,60.60607865883718,False,False
SDSS J021726.52-050827.3,34.36053599748,-5.14093176459,2025110900321,-1,y,20251109,y_10,0.0728089498238579,34.36052492233719,-5.1409487164304,746045070839906693,0,2994.8013892083814,1751.5216579706412,0.10140069,0.09566863,34.36052492233719,-5.1409487164304,5.617105e-06,5.32658e-06,28251.39293939885,4011.9394682016778,29708.753348675826,2375.880659392397,False,31792.24726922664,3169.1872496361552,False,40733.43214565733,4526.130051455729,False,33651.975403789744,6636.2770927801885,False,27906.38695348781,9295.539864875584,False,-2.9533749918983205,145.3445895957685,33647.93081624986,1191.1327366177616,0.0,0.0579056712265401,False,15014.8525390625,1496.7447509765625,False,19237.59814453125,2137.60212418228,False,13179.63720703125,4390.100490857153,False,False,-1.3948208700185696,68.64338848557615,False,False
SDSS J021726.52-050827.3,34.36053599748,-5.14093176459,2025110900322,-1,y,20251109,y_10,0.0677295566570148,34.36052633155798,-5.140947928683053,746045070979367184,0,3220.9147122707936,1345.9136704439234,0.13134575,0.11929479,34.36052633155798,-5.140947928683053,7.2741727e-06,6.6408234e-06,32559.58767826423,4108.009038189422,35345.38422284081,2440.8786615371896,False,36852.81126079462,3254.09551936751,False,42432.79188632693,4623.00342712356,False,42588.10135180647,6807.9962169756745,False,40683.645129550016,9527.962569496376,False,-0.0499256204142204,153.8047476458889,34327.86150851933,1271.3351687757809,0.0,0.0423204796541554,False,17099.4453125,1509.87744140625,False,19688.51708984375,2145.04108579897,False,18876.92529296875,4420.907641039956,False,False,-0.0231651368446291,71.3643215048727,False,False
SDSS J021726.52-050827.3,34.36053599748,-5.14093176459,2025111100194,-1,g,20251111,g_6,0.0962714145570592,34.36054049611208,-5.14095812862904,746053849888850899,0,1027.5582767785609,2341.9095777000684,0.021451967,0.023277577,34.36054049611208,-5.14095812862904,1.1941203e-06,1.2915336e-06,38731.08370504227,395.4119844408581,38598.538843330105,256.5766366721408,False,39599.57766855496,322.98025503515515,False,41617.66616411185,441.94306830773456,False,42824.13505506789,632.2750712978017,False,43659.45101759472,875.3325070414078,False,0.5423427775088338,13.803458551258094,39558.37393435076,209.4001940883512,0.0,0.0110227002439715,False,85924.734375,700.8153686523438,False,90303.66284179688,958.9455996488734,False,94734.00860595705,1899.3311945612068,False,False,1.1767968711103374,29.951291890039364,False,False
SDSS J021726.52-050827.3,34.36053599748,-5.14093176459,2025111100195,-1,g,20251111,g_6,0.0883935466334523,34.36054138965598,-5.140955723829725,746053850026737722,0,3338.603681103535,160.90388888286938,0.018710947,0.021601122,34.36054138965598,-5.140955723829725,1.0402155e-06,1.198326e-06,39418.396418771365,400.26515423416186,38876.1648075468,260.10595362500226,False,40008.45810576268,327.5119322695147,False,41054.79511597528,447.4156880879461,False,41549.06382782608,640.6039466652512,False,42168.63187673895,886.4043464943345,False,0.0939404923714061,13.957477776824112,39806.19394872572,207.88816166576896,0.0,0.0031702640545636,False,86873.0703125,711.1488037109375,False,89145.05261230469,971.5039361784663,False,91563.60168457033,1924.7096930040516,False,False,0.2039793430028878,30.306815251061845,False,False
SDSS J021726.52-050827.3,34.36053599748,-5.14093176459,2025111100213,-1,i,20251111,i_39,0.0697225163187532,34.36053181375783,-5.140950678390802,746053852419590416,746053852419588559,1042.3737799260398,833.385346876897,0.029396277,0.019338423,34.36053181375783,-5.140950678390802,1.4492233e-06,1.3100337e-06,39630.91155325747,799.6608154667629,38778.72479154227,490.5619532382754,False,39673.59999623826,642.4013876745234,False,40282.96081212186,906.0588461311144,False,39792.64403598823,1320.3971550585698,False,39895.27907473185,1841.431924808096,False,-0.3801027061476905,28.727826469519236,39822.35344940178,296.7201687948745,0.0,0.0009579182385871,False,66959.921875,1084.2259521484375,False,67988.38293296099,1529.2191673264988,False,67334.06522923708,3107.914024312695,False,False,-0.6415260402519231,48.48597092827362,False,False
SDSS J021726.52-050827.3,34.36053599748,-5.14093176459,2025111100214,-1,i,20251111,i_39,0.0635413839771415,34.36053437863613,-5.140949341178328,746053852575303867,746053852575301934,1452.16771651162,548.7652263942272,0.03465202,0.019262495,34.36053437863613,-5.140949341178328,1.6972618e-06,1.4010282e-06,39065.05608874738,802.8085845884236,39513.87556677466,491.6767533796828,False,39926.66812353551,643.4612065349424,False,41395.29970888815,905.7195295893666,False,42992.951883531154,1321.2559272650683,False,42432.34362198839,1841.9945819101608,False,0.3713871278265687,28.934685451656183,40145.84332760271,305.7926063708663,0.0,0.0018213160980411,False,67531.015625,1088.3349609375,False,70015.02411353588,1531.9124429647266,False,71769.05549132824,3115.5057694086768,False,False,0.6281553435558508,48.93943790387155,False,False
SDSS J021726.52-050827.3,34.36053599748,-5.14093176459,2025111500095,-1,u,20251115,u_24,0.0198987266146872,34.36053609021923,-5.140937291242262,746071428757455214,0,3668.283436132695,3805.54027547376,0.17238088,0.1862504,34.36053609021923,-5.140937291242262,1.0300012e-05,9.616079e-06,16504.178235379357,775.5788517657544,15216.050457446125,477.959058606173,False,18028.11733427722,617.4438689412349,False,20708.378776569563,855.017781459962,False,21736.876926315483,1229.2765101198484,False,23349.31796704845,1703.6310675955287,False,0.9942407026100096,25.9312660225358,16410.289291046254,462.725224008456,1.0,0.4880599180485191,False,5936.443359375,203.3168792724609,False,6819.02138710022,281.5471264570085,False,7688.651067733765,560.9853292236678,False,False,0.3273915688027753,8.538855673353146,False,False
SDSS J021726.52-050827.3,34.36053599748,-5.14093176459,2025111500097,-1,u,20251115,u_24,0.0175611613032187,34.36053415080537,-5.140936282668933,746071429031133385,0,1548.2512885356616,2654.106739600781,0.19885324,0.20697182,34.36053415080537,-5.140936282668933,1.1487436e-05,1.1057947e-05,14628.206053821714,825.7600233670138,14311.746403973872,507.8439506977178,False,15973.457644414402,655.2145819003675,False,18143.57074094609,910.3157518138106,False,19897.45213151848,1313.8254538970828,False,26497.53445351617,1829.768069293328,False,1.4299691289732217,29.03970814261508,15555.200201262343,489.0984106021038,0.0,0.0634157779559219,False,4950.0810546875,203.0471649169922,False,5622.586404800415,282.10152473862524,False,8211.430875778198,567.0344177140793,False,False,0.4431390655481237,8.999235626400484,False,False
SDSS J021726.52-050827.3,34.36053599748,-5.14093176459,2025111700044,-1,u,20251117,u_24,0.015666099895604,34.36053994436439,-5.140929897928276,746080218023723076,0,3417.338508143853,1571.5278230559552,0.2361815,0.2544473,34.36053994436439,-5.140929897928276,1.3904799e-05,1.3372514e-05,15583.770906455464,1151.9228869253238,14320.2735725604,705.5664010368298,False,15660.365658078184,918.8635735196953,False,16283.50530341054,1285.984952119695,False,18030.18524608258,1868.063734975382,False,16999.671957236333,2594.8957312376665,False,0.0518935700487107,40.227099958365656,14827.317086074612,614.5829315182193,0.0,0.0033748489980441,False,3272.6181640625,192.0191192626953,False,3402.838502883911,268.7381511329553,False,3552.4991207122803,542.2672170822586,False,False,0.0108444364357391,8.406440876646869,False,False
SDSS J021726.52-050827.3,34.36053599748,-5.14093176459,2025111700046,-1,u,20251117,u_24,0.0693971914175678,34.36055348897641,-5.140940017271372,746080218274332844,0,2380.3392050820457,3457.180605404796,0.2018044,0.2779772,34.36055348897641,-5.140940017271372,1.4860471e-05,1.1951038e-05,14068.352608543437,1335.5704144151573,14059.381995680622,811.2784766267099,False,13345.443116771574,1056.8544994859938,False,14538.557812642484,1487.2158639708657,False,13657.474723593832,2166.743732024658,False,5481.977519640465,3015.160670608489,False,-0.7652435759197642,49.90192190183893,14663.43311346017,718.1776162762507,0.0,0.0388354415251568,False,2720.7412109375,215.4613800048828,False,2963.982015609741,303.1993359276638,False,1117.6131076812744,614.7020988619662,False,False,-0.1560105359704047,10.17352621680218,False,False
SDSS J021726.52-050827.3,34.36053599748,-5.14093176459,2025111800204,-1,u,20251118,u_24,0.0719266606287415,34.36053855176294,-5.140951581591726,746084637555032387,0,3003.0338851022657,3728.513078351852,0.14336084,0.14882392,34.36053855176294,-5.140951581591726,7.966201e-06,8.267702e-06,13345.894502814728,746.9124237009875,13217.59026033494,468.3960356604453,False,13210.356199785654,600.7321079734237,False,12993.68097444774,832.0618097547267,False,12378.188609787008,1199.4623791903696,False,10333.380930842208,1666.2612286235812,False,-1.0461337371078134,26.20219491320949,14664.76941419207,413.0348310837345,0.0,0.1318054589213196,False,4145.357421875,188.50735473632807,False,4077.365594863892,261.09769837859983,False,3242.573984146118,522.8661700257101,False,False,-0.3282726207991324,8.222144922530607,False,False
SDSS J021726.52-050827.3,34.36053599748,-5.14093176459,2025111800205,-1,u,20251118,u_24,0.0315475029896164,34.36053119123614,-5.140939104827475,746084637694492717,0,2654.4641425335726,544.88118675809,0.17135696,0.18387169,34.36053119123614,-5.140939104827475,9.513454e-06,1.0213966e-05,15440.805029732714,737.5859260212,14431.185244721528,464.5022663977428,False,15408.815704572811,595.215551829623,False,15952.765061783484,822.1643084227005,False,16108.417901182313,1182.7127406944226,False,17264.449057862537,1643.475699230716,False,0.7992530932788228,24.93920046212143,14522.090100136558,403.32637998914345,1.0,0.2179856380602377,False,4957.46533203125,191.49819946289065,False,5132.469701766968,264.51423226701405,False,5554.476691909134,528.7540560663725,False,False,0.2571430262659729,8.023668013814586,False,False
SDSS J021726.52-050827.3,34.36053599748,-5.14093176459,2025111800206,-1,u,20251118,u_24,0.1067302657668792,34.360520357957526,-5.140956990200208,746084637825040428,0,2333.0674746198456,548.3263683860825,0.18934362,0.19384037,34.360520357957526,-5.140956990200208,1.0517076e-05,1.0773402e-05,15546.819710801508,764.7796948734222,14419.447297794251,475.5353449119628,False,16099.6759607882,611.4946256340526,False,16400.430770997762,844.4373149604013,False,18781.282497986456,1218.0487991986845,False,20576.00516141976,1687.6615585367315,False,1.019798428450942,26.48571694545455,15635.421144612214,445.8393135789034,0.0,0.0059548450023719,False,4968.3271484375,188.70599365234372,False,5061.1394691467285,260.591632234692,False,6349.713205337524,520.8089131156579,False,False,0.3147077140152987,8.173438202509677,False,False
SDSS J021726.52-050827.3,34.36053599748,-5.14093176459,2025112200237,-1,u,20251122,u_24,0.078284569896122,34.360525670711986,-5.14095092418782,746102234162921584,0,2317.359407528441,1187.318649064176,0.107445695,0.10285288,34.360525670711986,-5.14095092418782,5.739505e-06,5.948406e-06,13661.059371045869,819.3501349048258,14083.946445014268,515.6686531846517,False,14530.264230760127,662.0967295881468,False,15966.724985422828,919.3910499458392,False,14717.686945480207,1325.682470993917,False,15300.0277305069,1840.4379803517604,False,-0.3004989772395993,28.064449146237397,15550.25928204846,401.49431455620015,0.0,0.042580512405816,False,4362.693359375,198.793701171875,False,4793.988874435425,276.045993697507,False,4593.813871383667,552.5891633976241,False,False,-0.0902244358176821,8.42631517089777,False,False
SDSS J021726.52-050827.3,34.36053599748,-5.14093176459,2025112200238,-1,u,20251122,u_24,0.1163194262913055,34.36052122499056,-5.140960531295641,746102234278789358,0,1832.0304310749923,2419.757399089081,0.12742855,0.11156245,34.36052122499056,-5.140960531295641,6.305499e-06,6.9730295e-06,16863.83746703115,909.9082937273506,15751.630748786294,571.9930660270608,False,16113.950621368564,735.0142164756122,False,15739.258472453315,1017.4113002423468,False,13662.014597340634,1472.401951161573,False,10979.952150836534,2046.517124987161,False,-2.109841327330125,34.288446888649034,16067.135337145191,437.8105722829855,0.0,0.0109188236976309,False,4716.45556640625,215.1342010498047,False,4606.785448074341,297.7901138650189,False,3213.7653675079346,599.0031440887981,False,False,-0.6175377538593313,10.036020339850024,False,False
SDSS J021726.52-050827.3,34.36053599748,-5.14093176459,2025112200239,-1,u,20251122,u_24,0.0640738879745258,34.360524914401545,-5.140945726366427,746102234415104240,0,3135.6645659674523,2635.3884033455065,0.12993136,0.100444265,34.360524914401545,-5.140945726366427,5.8740734e-06,6.9768994e-06,16621.270577103027,906.1980576863,16144.561821092697,569.3453001345088,False,17001.910347320518,731.2841785347539,False,18102.431164594906,1015.6428288903202,False,18588.28685115582,1469.3332872504425,False,15695.748471444063,2037.9380854001372,False,-0.766063197056335,32.28475659011296,16056.400517311073,426.2114244965283,0.0,0.0080144201085413,False,4906.0517578125,211.01852416992188,False,5223.61678314209,293.0727303107029,False,4529.147184371948,588.0650775085456,False,False,-0.2210543178817553,9.316052348460628,False,False
SDSS J021726.52-050827.3,34.36053599748,-5.14093176459,2025112200242,-1,z,20251122,z_20,0.0565137348110007,34.36053242128024,-5.140947053436896,746102234868614984,746102234868613777,318.1575132070876,1549.6671584161509,0.046759073,0.045495495,34.36053242128024,-5.140947053436896,2.5963311e-06,2.528592e-06,37284.9914019842,1366.9668668093911,35403.336314222855,820.9383210170748,False,37763.68277893424,1087.11622846403,False,39608.05923086173,1541.0700202069245,False,38581.95266813294,2257.4905721068094,False,40761.53627100305,3154.447560597948,False,-0.1797450136611477,50.00526243543021,36136.830430053385,507.7386733489316,0.0,0.0041670115050032,False,41939.55859375,1207.32861328125,False,43987.884619772434,1711.4802279186986,False,45268.91216665506,3503.2636798974568,False,False,-0.1996210638804876,55.53480168190731,False,False
SDSS J021726.52-050827.3,34.36053599748,-5.14093176459,2025112200243,-1,r,20251122,r_57,0.0897785039850066,34.36053748815481,-5.140956658829946,746102234977141726,0,1566.5368034445523,1821.4112409412307,0.0225243,0.020002129,34.36053748815481,-5.140956658829946,1.2335665e-06,1.1312027e-06,42148.77429593185,476.7973538951385,41662.55427127872,304.81387999592795,False,43160.6505638375,387.6122629155455,False,45686.29772553639,533.8746642277177,False,45358.12969675182,768.9324597106959,False,44896.859911455904,1064.2819015874973,False,-0.293995586381149,16.6840072517223,42905.25588871687,244.59372598500323,0.0,0.0041796011471483,False,84574.078125,759.5332641601562,False,89523.12957763672,1046.137094123972,False,87976.21185302734,2085.4797023680803,False,False,-0.5760896873931118,32.69261501650012,False,False
SDSS J021726.52-050827.3,34.36053599748,-5.14093176459,2025112200244,-1,r,20251122,r_57,0.0775476175805886,34.36053433239427,-5.140953241662475,746102235113456687,0,1394.588167819927,2069.6693807609417,0.023905933,0.021007732,34.36053433239427,-5.140953241662475,1.311638e-06,1.1838888e-06,42557.48985201607,486.2764501488645,40986.70843199541,309.1298099896716,False,43367.30372427967,394.10329894318585,False,46038.17937438966,543.9661198921166,False,45466.65359111733,781.9695141852748,False,44825.30006377283,1083.6054067726573,False,-0.3218645090775535,17.06753399986842,43556.21004378863,253.5397241793912,0.0,0.0014825945227563,False,84315.390625,766.2218017578125,False,89508.1488647461,1057.5874436895535,False,87150.04992675781,2106.7625909204758,False,False,-0.6257740159207591,33.182966719664954,False,False
SDSS J021726.52-050827.3,34.36053599748,-5.14093176459,2025112200245,-1,z,20251122,z_20,0.0474153633794313,34.36053035490717,-5.140943676370764,746102235249248014,746102235249246924,2285.7767260986743,1701.4915434699692,0.05146155,0.051323775,34.36053035490717,-5.140943676370764,2.85486e-06,2.8531042e-06,31685.438901191937,1386.163231628447,31856.781670981403,830.4226602957516,False,33037.27433409223,1099.6867128026242,False,35851.532024847525,1563.1638031601271,False,37688.98008481796,2286.974928444733,False,39434.910420854256,3198.787866105128,False,1.1597404052479054,50.40471231454095,35402.34424870325,516.957384602104,0.0,0.0064255656770929,False,36754.26171875,1223.4112548828125,False,39885.148445785046,1739.0336427159905,False,43871.68880236149,3558.6799693177577,False,False,1.2902215221884743,56.07569103711421,False,False
SDSS J021726.52-050827.3,34.36053599748,-5.14093176459,2025112600190,-1,i,20251126,i_39,0.0606380224107465,34.36053146370887,-5.140947991936162,746119820025531392,746119820025529860,760.6009676729941,2409.4985733263657,0.018177522,0.019078845,34.36053146370887,-5.140947991936162,1.0513132e-06,1.0178005e-06,38389.19172105249,669.477688891069,38642.13099900513,413.23433279905805,False,39221.228059594025,539.8861874402244,False,40562.86953114901,759.6643595243601,False,42029.47126323101,1108.64144891458,False,42740.59814353188,1543.4184264238295,False,1.3666838567567352,24.41112070872422,39841.063653414734,245.91759656662936,0.0,0.0008482368130718,False,85470.9296875,1176.5203857421875,False,88394.63579142094,1655.461143652889,False,93140.3436214924,3363.4185957365585,False,False,2.978278488588084,53.19673260914308,False,False
SDSS J021726.52-050827.3,34.36053599748,-5.14093176459,2025112600216,-1,i,20251126,i_39,0.0678333104471641,34.36053222125827,-5.140950228005209,746119823511522391,746119823511521369,2533.850565669477,3486.3550118234416,0.016874727,0.01512428,34.36053222125827,-5.140950228005209,8.480272e-07,9.283921e-07,38907.1235049764,782.1605280820498,38519.44690254777,481.4823786315614,False,39336.66851478892,629.6184973968524,False,39606.3390751838,885.2113705821768,False,41902.87083844387,1291.0787781744043,False,40164.64024846118,1799.5453333398111,False,1.083154439684158,28.30930819139992,39472.47943373943,260.17249071349926,0.0,0.0002869837703973,False,67088.03125,1073.8038330078125,False,67547.9498873949,1509.7132099568976,False,68500.12321507931,3069.094514536845,False,False,1.8473018087636843,48.281052369661005,False,False
SDSS J021726.52-050827.3,34.36053599748,-5.14093176459,2025112600217,-1,i,20251126,i_39,0.072045296234362,34.36053330520028,-5.140951596717435,746119823648361205,746119823648359260,581.3865473775861,1329.8757957636524,0.017285211,0.015109024,34.36053330520028,-5.140951596717435,8.518815e-07,9.476149e-07,39059.109270919485,769.8618351956702,38705.26492612393,474.6751048221245,False,38951.29748875007,620.159422467693,False,38898.23831790464,872.1889250373761,False,40316.5208575345,1271.9709676072227,False,37726.3573428661,1773.0577693182613,False,0.9134100128727772,27.222963040589782,39415.54073427603,253.78289656980965,0.0,0.0020260448881077,False,66672.7578125,1061.5240478515625,False,66581.93667236902,1492.9217950328089,False,64576.03336564638,3034.934876700083,False,False,1.563479742603394,46.59742136364262,False,False
SDSS J021726.52-050827.3,34.36053599748,-5.14093176459,2025112600266,-1,i,20251126,i_39,0.0698239087527602,34.36053215592528,-5.14095077899352,746119830228699530,746119830228697422,2540.6239203793866,553.2704277361914,0.023242945,0.019648815,34.36053215592528,-5.14095077899352,1.1883327e-06,1.2002569e-06,37960.67171366914,779.9398197506898,37390.2918568842,480.051481971273,False,37689.20086753897,627.6049271759289,False,37748.01320359368,883.2098389562091,False,36974.64387378581,1287.9845691683004,False,36011.21352819,1796.0461480453985,False,-0.6574907108283506,27.80871318703517,39008.18234322917,279.6108844388953,0.0,0.0001442295315374,False,63360.3203125,1055.0833740234375,False,63459.1912984848,1484.7876052371987,False,60539.411063849926,3019.3810592094683,False,False,-1.1053251616289268,46.749969074736825,False,False
SDSS J021726.52-050827.3,34.36053599748,-5.14093176459,2025112600267,-1,i,20251126,i_39,0.0676170006877587,34.36053267459007,-5.140950253218168,746119830365014599,746119830365012624,3258.7553777102567,1026.81901104476,0.020631174,0.016925523,34.36053267459007,-5.140950253218168,1.047431e-06,1.0472701e-06,37949.89089448319,771.2285552320453,38598.624204900094,474.83130890521386,False,38616.89563459658,620.2381362921084,False,40451.04738588204,872.5570040787011,False,41188.08325559313,1271.5051282822635,False,40115.504220178016,1772.4710077713207,False,1.252204665305764,27.36713510751356,39985.530650943765,269.75360736298245,0.0,0.000781152789146,False,65221.67578125,1047.5458984375,False,68319.45070308447,1473.6976933406056,False,67752.73794162273,2993.5997573289715,False,False,2.11490036550667,46.22148890302846,False,False
SDSS J021726.52-050827.3,34.36053599748,-5.14093176459,2025112600268,-1,i,20251126,i_39,0.0704466823473236,34.36053498699071,-5.140951307215143,746119830497135441,746119830497134102,1959.1893673256168,2537.086245924232,0.021182863,0.017985627,34.36053498699071,-5.140951307215143,1.0947679e-06,1.0864768e-06,38732.12437141359,770.980653678596,38488.53957623539,475.5186381903619,False,38746.60425697529,620.9992858059352,False,39221.10142547019,872.1097589122451,False,39527.609213118856,1272.5582914073589,False,38163.85239327808,1774.107727878188,False,0.1289124707281827,27.450608833174115,39611.72392732967,271.4171987593978,0.0,0.0036946058417375,False,65295.78125,1046.508056640625,False,66095.40392434597,1469.679450262348,False,64313.72775280476,2989.7265150045887,False,False,0.2172433081680728,46.25976866676206,False,False
SDSS J021726.52-050827.3,34.36053599748,-5.14093176459,2025112600269,-1,i,20251126,i_39,0.0568739028772615,34.36053306231882,-5.140947290068599,746119830632926245,746119830632925301,1129.886485651716,3784.571744494821,0.02138809,0.01895417,34.36053306231882,-5.140947290068599,1.1294768e-06,1.1149309e-06,38829.97409173689,763.0932293597969,38714.13267842745,469.8895312674531,False,39012.65558286245,613.7802316554976,False,39083.740975602894,863.3736034007042,False,40602.92932946002,1258.0189232749362,False,41236.40267065007,1755.9307522881784,False,0.3483805469455234,27.373653446438915,39690.59579610764,271.8158177024124,0.0,1.0266791317103953e-07,False,66202.484375,1041.5537109375,False,66323.11265656352,1465.1009175092097,False,69976.06962916255,2979.72482147576,False,False,0.5911839984009296,46.45169208554481,False,False
SDSS J021726.52-050827.3,34.36053599748,-5.14093176459,2025112700034,-1,i,20251127,i_39,0.0726852427681329,34.36052987498276,-5.140951012084463,746124197128833888,746124197128832873,2907.5786108907155,3236.6937229192245,0.01928026,0.015708836,34.36052987498276,-5.140951012084463,9.037849e-07,1.0433145e-06,39586.75045770485,868.6270990697961,37737.50139909855,531.9260859456888,False,38143.94824543702,698.6874244193813,False,37458.78281542094,987.3482794734728,False,34701.2997405657,1442.5703250706872,False,32805.83470286582,2013.5066631186885,False,-1.009587493794902,31.927353052306,39396.45434451815,268.60316154639617,0.0,0.0009097951501512,False,65635.9375,1202.2615966796875,False,64456.94378250837,1698.9727844968374,False,56450.4152097106,3464.7277897379504,False,False,-1.7372407601101127,54.93877393073159,False,False
SDSS J021726.52-050827.3,34.36053599748,-5.14093176459,2025112800037,-1,i,20251128,i_39,0.0771594749015392,34.36052840593074,-5.140951819829789,746128595590056559,746128595590055706,464.4846455444589,3345.2857882221047,0.02226755,0.019794814,34.36052840593074,-5.140951819829789,1.1450672e-06,1.1924079e-06,41059.70216868288,871.5372614363963,38579.22714427928,531.4997833840765,False,39837.42519293433,697.8310687720725,False,39779.12958093602,985.6028740126716,False,38989.10059428728,1438.8692595350803,False,37020.60471786478,2007.1121208252896,False,-0.8259181426873027,31.33613386435101,40252.67062724741,298.62307725209087,0.0,1.1655220556794356e-05,False,67518.5859375,1182.72119140625,False,67419.7834353447,1670.452144609848,False,62744.48885679245,3401.7603185904677,False,False,-1.3998099732676406,53.11014547306753,False,False
SDSS J021726.52-050827.3,34.36053599748,-5.14093176459,2025112800038,-1,i,20251128,i_39,0.074372468760749,34.360528376018564,-5.140950978511709,746128595727419600,746128595727417921,2977.292148105715,1178.288510134281,0.026894543,0.02073849,34.360528376018564,-5.140950978511709,1.2642779e-06,1.398875e-06,41062.22024278528,857.8835313868977,39427.66415769344,524.5849814581088,False,40883.62737940027,688.6486227144636,False,41523.92897597111,971.789634375165,False,42511.284637334975,1419.0243643186452,False,40103.44556710042,1978.8193492517016,False,0.0761090013778569,31.38699722602849,40179.07972623204,303.1753945285704,0.0,0.0004450088720963,False,69727.7734375,1174.5028076171875,False,70819.81950873137,1657.4049759773654,False,68397.1591027379,3374.91255308442,False,False,0.1298052923577797,53.531097207942025,False,False
SDSS J021726.52-050827.3,34.36053599748,-5.14093176459,2025112800152,-1,i,20251128,i_39,0.0684566425329492,34.360532540331405,-5.140950465986445,746128611035056529,746128611035054959,3177.64196601783,1656.5469857110647,0.022963252,0.019672167,34.360532540331405,-5.140950465986445,1.0938173e-06,1.275512e-06,38730.86784314644,837.4805748328021,39083.07738131122,513.0777052246307,False,38996.54086805863,672.8757365390907,False,39990.3749383841,950.8160719939924,False,39124.11543565881,1388.4777506897462,False,38639.58972788123,1934.765442833294,False,-0.3189555795114058,29.745223177056296,40722.71054948267,292.22874691386374,0.0,1.4176875554272604e-05,False,67201.21875,1159.54052734375,False,68913.85426265001,1638.5042730141251,False,66586.09876447916,3334.10586835605,False,False,-0.5496437169337595,51.25878359960398,False,False
SDSS J021726.52-050827.3,34.36053599748,-5.14093176459,2025112900036,-1,z,20251129,z_20,0.0649793274953866,34.36052891147891,-5.140948377461634,746132993503921760,0,3542.91581454608,3773.3776997057057,0.034526467,0.029044418,34.36052891147891,-5.140948377461634,1.8461548e-06,1.6925915e-06,34490.690931335215,1569.8112273470354,33606.49270440517,942.8282041745896,False,34252.47252251378,1252.1399080358938,False,35623.97473894927,1781.755521354257,False,33616.871368669366,2612.03753005473,False,29582.589872748213,3652.981992804252,False,0.1544599090890043,58.72668759824271,36577.72218023273,444.7294993514709,0.0,0.0003668543070878,False,41433.953125,1514.66748046875,False,43093.0087890625,2155.323961021434,False,35784.96826171875,4418.8776315880505,False,False,0.1868444571024469,71.03950874006948,False,False
SDSS J021726.52-050827.3,34.36053599748,-5.14093176459,2025112900037,-1,z,20251129,z_20,0.0549854075112872,34.360532624232896,-5.140946664228292,746132993639188499,746132993639187485,1254.7504466535534,2526.006023140235,0.0343699,0.033756766,34.360532624232896,-5.140946664228292,1.8968121e-06,1.8836207e-06,36944.58929480003,1606.0863712525363,35107.07071503672,965.1810931310644,False,36558.34006204508,1281.4759288062835,False,37921.66213501076,1817.8336674357056,False,35286.105982319605,2670.210900373012,False,34452.262301830015,3732.5818353104346,False,-0.7503488144470891,58.56761615176214,35828.56951780682,453.87310409563287,0.0,0.0023144590188046,False,43973.53125,1541.39990234375,False,45613.37829113007,2186.5480064636845,False,41440.27410411835,4489.667848694551,False,False,-0.902543359039036,70.44698678103624,False,False
SDSS J021726.52-050827.3,34.36053599748,-5.14093176459,2025112900044,-1,z,20251129,z_20,0.0714908275039297,34.36053191840238,-5.140951203140754,746132994579235201,0,1362.0694012518188,1020.9222200248354,0.045219902,0.037482053,34.36053191840238,-5.140951203140754,2.394156e-06,2.2135578e-06,36868.21062147303,1477.1118942651788,33771.87011178848,889.9201359575092,False,36009.11881885891,1180.8768216055964,False,37256.46878303753,1671.603726181654,False,33370.61542092292,2455.8377839646973,False,33944.68628849495,3436.8302168566365,False,-1.3954869957096718,54.14159370734266,36292.64226193436,476.9416771842375,0.0,0.0003648822179597,False,43409.9453125,1423.5782470703125,False,44913.65869140625,2015.1625121054908,False,40921.21728515625,4143.189743481256,False,False,-1.6822964891974947,65.26912346259455,False,False
SDSS J021726.52-050827.3,34.36053599748,-5.14093176459,2025112900045,-1,z,20251129,z_20,0.0707632775700199,34.360529751878644,-5.140950410831437,746132994713454380,746132994713453160,1405.3267753833115,1706.6267135785854,0.04778331,0.03924435,34.360529751878644,-5.140950410831437,2.5138143e-06,2.3379123e-06,36387.20597602978,1482.0820597680909,35206.67097644523,889.8517026216065,False,35818.71654037417,1180.096801332527,False,36778.49551748691,1676.536298739141,False,36624.31688773894,2460.917526768445,False,37025.44370091828,3440.9700129772755,False,-0.0139092202643642,54.55036852607184,36755.64582613489,482.292431005168,0.0,0.0043437504588385,False,43211.66015625,1423.66748046875,False,44369.53645640612,2022.571542982936,False,44667.45447272062,4151.182431146595,False,False,-0.0167800679967037,65.80950446646543,False,False
SDSS J021726.52-050827.3,34.36053599748,-5.14093176459,2025121400759,-1,i,20251214,i_39,0.0768181573815554,34.360533595384986,-5.140952968424652,746199061254638035,746199061254636230,1951.808420596392,1207.608874781363,0.02687314,0.03211258,34.360533595384986,-5.140952968424652,1.5974588e-06,1.6901436e-06,39026.62903610185,683.7226897000509,38453.90133863623,422.0756400658164,False,39194.05518427976,548.789372666148,False,40237.15877983463,768.1763125030933,False,40922.59204201314,1116.8983193893491,False,39984.49501815181,1555.650435925489,False,-0.1811777612008417,24.409335288100287,39793.33601971629,298.57891851200395,0.0,0.0004086540068122,False,64978.81640625,909.8237915039062,False,66708.15103900433,1273.5397585955582,False,66289.2662845254,2579.0728617652403,False,False,-0.3003699521933314,40.46760940726104,False,False
SDSS J021726.52-050827.3,34.36053599748,-5.14093176459,2025121400760,-1,i,20251214,i_39,0.0692106934539102,34.360533349507016,-5.14095080802902,746199061371554093,746199061371552328,2082.595257275173,1023.06510363658,0.032596707,0.032946333,34.360533349507016,-5.14095080802902,1.8139286e-06,1.8233452e-06,39651.38334459464,697.6928054122433,38273.55817186026,429.73275542722433,False,39765.07093776385,558.7621515435724,False,40841.04150908265,782.5566908735684,False,40487.39187821384,1136.8846240883918,False,39359.26667847739,1583.0205807939944,False,-0.546821794564129,24.716033279423016,39165.19962019101,307.8701508327336,0.0,0.0023072468415031,False,65103.83203125,914.8118286132812,False,66865.42344033718,1281.210825382438,False,64439.44462513924,2591.7395232445056,False,False,-0.8952629386741814,40.46537428842388,False,False
SDSS J021726.52-050827.3,34.36053599748,-5.14093176459,2025121400772,-1,i,20251214,i_39,0.0705238616225261,34.36053093867333,-5.140950695531589,746199062980070183,746199062980069405,2510.64152792718,3859.1353735365456,0.02454817,0.028191023,34.36053093867333,-5.140950695531589,1.5359307e-06,1.3944948e-06,37695.92921195222,700.8113523100847,37303.53089369844,431.7192859302788,False,37708.86650362134,562.0715898964437,False,38603.30026939249,788.0658447177542,False,37713.485737366485,1145.5904155116016,False,37945.52394231566,1596.1685521810557,False,0.0795151673740727,24.490247976215784,38823.98645040205,288.43367849157374,0.0,0.0086224465433576,False,62750.6484375,935.333251953125,False,64239.05962538719,1311.4062381783926,False,63144.46583676338,2656.155460289106,False,False,0.132319763917068,40.75378242289858,False,False
SDSS J021726.52-050827.3,34.36053599748,-5.14093176459,2025121400773,-1,i,20251214,i_39,0.0755357622859504,34.36053096247003,-5.14095213866924,746199063127918991,746199063127917082,2401.1100895237228,939.3252203143384,0.026178261,0.02786191,34.36053096247003,-5.14095213866924,1.5300513e-06,1.4722598e-06,39889.236673480926,692.0504806658973,38012.613348915416,427.0961462955488,False,39330.40916744097,555.9050502105008,False,39707.40175955036,779.0683203424071,False,39152.478821394725,1131.9944294102936,False,36853.45755284723,1576.6599383500136,False,-1.0956882894289577,25.822924265599674,39299.33089803124,292.2131503964672,0.0,0.0019803918953519,False,65914.7109375,931.6536865234376,False,66546.5212405324,1305.6579939789788,False,61763.53241842985,2642.359596124171,False,False,-1.836288470019309,43.27721538012936,False,False
SDSS J021726.52-050827.3,34.36053599748,-5.14093176459,2025121400774,-1,i,20251214,i_39,0.0804441096034194,34.36052999380796,-5.140953295278385,746199063244309383,0,2605.839948327581,1752.9832735997982,0.027112868,0.034330696,34.36052999380796,-5.140953295278385,1.8224407e-06,1.6033968e-06,38998.78605888264,708.8932547421757,38256.50495345491,437.73082471762416,False,39502.18230394698,569.6773233627404,False,41370.28071555887,795.9826095234711,False,42142.6178369157,1160.639092282627,False,42049.37086488995,1616.988661054639,False,0.1722760775339496,25.68716685694165,39657.75644257119,312.48312598419284,0.0,4.0103437866645386e-05,False,65065.3671875,938.3345947265624,False,68142.37463378906,1311.0896093032875,False,69260.9267578125,2663.396167837332,False,False,0.2837616959012579,42.31019265450789,False,False
SDSS J021726.52-050827.3,34.36053599748,-5.14093176459,2025121400775,-1,i,20251214,i_39,0.0797789432637642,34.360529882015726,-5.140953071941243,746199063400546727,0,1739.514344918362,745.1789901493156,0.025969682,0.028383892,34.360529882015726,-5.140953071941243,1.539765e-06,1.4805731e-06,38760.26751000391,693.1973424218386,38093.93980324577,427.1577766300791,False,39648.50969665189,555.7677900531943,False,41925.4632915716,778.9727111170861,False,42583.5888358194,1132.5291098570335,False,42590.088809787536,1579.2508026411665,False,0.5414135733737789,25.106100821482364,39715.07849673587,295.1928379898033,0.0,0.0002132977013009,False,66013.5859375,925.3367919921876,False,69804.64575195312,1296.966327403663,False,70911.22741413116,2629.405477649568,False,False,0.9014374494044862,41.80090895760502,False,False
SDSS J021726.52-050827.3,34.36053599748,-5.14093176459,2025121400779,-1,i,20251214,i_39,0.0671261448205518,34.360530603037446,-5.14094961991414,746199063919594164,746199063919593238,1838.0464054827055,3596.83597217538,0.028574051,0.03139228,34.360530603037446,-5.14094961991414,1.7222018e-06,1.6073299e-06,39701.74937684035,706.6777993721518,38331.77333963225,435.3721135007667,False,39022.61584478231,566.4745621920316,False,39583.49746840418,793.0823591535739,False,40653.91056846513,1154.7809358931695,False,41238.94493926781,1607.966553836827,False,0.6768745914521606,25.825002578828677,39561.59230916511,306.7310885992754,0.0,1.8332834981316104e-05,False,64365.05859375,934.3599243164062,False,65290.19335950166,1308.133537731933,False,68020.73745948821,2652.227668851578,False,False,1.1164570031064238,42.59652430226068,False,False
SDSS J021726.52-050827.3,34.36053599748,-5.14093176459,2025121400780,-1,i,20251214,i_39,0.0754396528669303,34.36053210334622,-5.140952358005139,746199064067442878,746199064067441056,1890.577391678148,806.4268774330479,0.032176424,0.03088089,34.36053210334622,-5.140952358005139,1.7265324e-06,1.7763143e-06,39472.61518331705,703.4219955251616,38191.22817967412,432.3243690246537,False,39326.69304521794,563.2759333701945,False,40132.714954781964,791.3139242781873,False,40481.79349586319,1150.035960103973,False,40602.257750952434,1599.2933455027862,False,0.1862570420480819,25.18054401837029,39825.763842803,309.7308669269577,0.0,0.0021263583557071,False,65243.8671875,934.4874267578124,False,66581.07564175129,1312.807576265389,False,67360.05768829584,2653.2635863346363,False,False,0.3090046167916817,41.77508817623098,False,False
SDSS J021726.52-050827.3,34.36053599748,-5.14093176459,2025121400781,-1,i,20251214,i_39,0.0811944760562917,34.360536080099486,-5.1409543184610165,746199064183835029,746199064183833512,1882.9993003251843,1737.924041911372,0.027194984,0.030896878,34.360536080099486,-5.1409543184610165,1.6747042e-06,1.5531082e-06,39593.37191966816,707.0746592272902,38342.25494343268,437.8420117674245,False,39250.83669012922,569.9015193998684,False,40386.38545838412,795.095309732517,False,39608.58264465669,1159.2721746198938,False,39277.95334898548,1617.8408573818258,False,-0.2975655602819446,25.54260624703629,39934.80708615156,302.97636320174894,0.0,0.0010038952081629,False,64981.91796875,943.5032958984376,False,66861.88138177991,1316.32399590018,False,65026.811088234186,2678.4244807529444,False,False,-0.4926361438157358,42.28718885552829,False,False
SDSS J021726.52-050827.3,34.36053599748,-5.14093176459,2025121600056,-1,i,20251216,i_39,0.0704566903664512,34.3605311401475,-5.140950728546778,746207762991548538,746207762991546618,1410.3737168809164,525.8988526942827,0.02397192,0.03578195,34.3605311401475,-5.140950728546778,1.7434933e-06,1.6357395e-06,38467.439753750856,754.0813734375485,38394.449108149376,462.463590764921,False,39097.14023371475,603.7958686763297,False,40403.46096092146,848.5405445702769,False,42378.45023466991,1235.297239301127,False,42210.91416970665,1721.6616926462918,False,0.4541917827265248,26.59343787901671,39713.97140561247,312.5046219655057,0.0,0.0008358386007895,False,64051.96875,989.1852416992188,False,66192.08472514153,1390.1449599389105,False,69153.19481539726,2820.559771795225,False,False,0.7440922200396456,43.567433367235886,False,False
SDSS J021726.52-050827.3,34.36053599748,-5.14093176459,2025121600057,-1,i,20251216,i_39,0.0731596531732628,34.36053265618388,-5.140951812387413,746207763124717676,746207763124715584,3267.3897692638684,116.25043633631466,0.024746852,0.030875785,34.36053265618388,-5.140951812387413,1.5646526e-06,1.5426236e-06,38792.5353853554,749.533568195813,38369.7162225055,460.591951411861,False,38679.15437605063,600.8285175798026,False,39152.24500297794,844.0625905829976,False,38523.40396518888,1229.232422387776,False,33594.96889767227,1713.688949042821,False,-1.6662367509564606,27.261251716152607,39022.58228918632,300.74606872459407,0.0,0.0007050563784003,False,63648.890625,988.69970703125,False,64427.38989818096,1388.95610246164,False,55282.55556285381,2819.9789329012438,False,False,-2.741893467625801,44.86004042157552,False,False
SDSS J021726.52-050827.3,34.36053599748,-5.14093176459,2025121600058,-1,i,20251216,i_39,0.0627647309171238,34.360533114744335,-5.140948961202807,746207763259459808,746207763259457963,2844.71454903682,766.3574972067887,0.024207238,0.03438673,34.360533114744335,-5.140948961202807,1.6406568e-06,1.6610425e-06,39063.99938109479,748.0626188695002,38116.41544668692,459.7139938083316,False,38564.957295684224,600.146609664621,False,39008.69235056322,842.9387175083001,False,38302.2314031899,1227.6034450862294,False,38159.0719072639,1712.1401185833986,False,-0.397976540192747,26.795731846824317,39488.06028471278,307.4305819881493,0.0,1.064992656651942e-05,False,63403.1015625,986.677001953125,False,64132.62859232724,1385.841781370862,False,62735.80165322125,2814.86098883668,False,False,-0.6542972886983309,44.05378942078704,False,False
SDSS J021726.52-050827.3,34.36053599748,-5.14093176459,2025121600079,-1,i,20251216,i_39,0.068202954450861,34.36053282785261,-5.140950444986112,746207766102149309,746207766102147944,1933.037967669258,1741.2725982081463,0.029912416,0.0277506,34.36053282785261,-5.140950444986112,1.6610538e-06,1.5425213e-06,38800.199121682126,819.7452915534177,37687.25881905504,499.3768470128509,False,38277.90137147845,653.7798117054112,False,38780.86050475384,918.754421998274,False,38550.78000290732,1341.4423298138852,False,38173.23597153883,1870.2669352730888,False,-0.2656924229580539,29.984787239279157,40111.530869725095,331.6114173766409,0.0,0.0007399581272784,False,61927.6015625,1057.7125244140625,False,62741.31003897637,1486.3996128504714,False,61758.26946871728,3025.796645931332,False,False,-0.4298483960090228,48.51065211412067,False,False
SDSS J021726.52-050827.3,34.36053599748,-5.14093176459,2025121600080,-1,i,20251216,i_39,0.0689533971569202,34.360533618351475,-5.140950771174115,746207766236367222,746207766236365562,396.114492864784,1463.0427124250962,0.028128754,0.02596692,34.360533618351475,-5.140950771174115,1.562688e-06,1.4429653e-06,40480.893228518114,806.0489784293446,38840.99725712751,493.7152601463884,False,41086.81935513478,646.0115757155503,False,43213.76834799649,906.5440293481128,False,43707.98039894811,1323.9652672973846,False,44327.58042700306,1845.490544992604,False,0.4983924785667182,29.059307657997643,40331.0376041303,324.0971789966175,0.0,0.0033664135428644,False,66704.265625,1048.796875,False,70157.35770702176,1471.770136590948,False,71965.62658595853,2996.1455633150176,False,False,0.8091379376063031,47.17765471557303,False,False
SDSS J021726.52-050827.3,34.36053599748,-5.14093176459,2025121600081,-1,i,20251216,i_39,0.0704833788759253,34.360534520658966,-5.140951287977142,746207766375827831,746207766375826353,3166.419440081029,1813.3347349367311,0.026804414,0.023842888,34.360534520658966,-5.140951287977142,1.487629e-06,1.3248396e-06,38289.653304902335,788.8461224332707,37929.48491871652,482.4201628780632,False,39022.61413516764,631.0103290403107,False,41394.978856485504,889.6469903191253,False,40553.99406266818,1296.0409719759366,False,42018.86123217902,1806.9973527983227,False,0.7600862833488123,29.176289139286197,39355.89777470111,302.2127153806364,0.0,0.0009605198523864,False,63554.15625,1027.694580078125,False,67417.90657842159,1448.9230176696112,False,68433.99222171307,2942.965115183912,False,False,1.2379140528132295,47.51794516714037,False,False
SDSS J021726.52-050827.3,34.36053599748,-5.14093176459,2025121600082,-1,i,20251216,i_39,0.0838329603184818,34.36053085268035,-5.140954480769928,746207766512142592,746207766512140679,980.087680539701,747.3215284701047,0.026816038,0.023359057,34.36053085268035,-5.140954480769928,1.4863887e-06,1.2994003e-06,39480.01599290053,798.0222459953189,38470.65760804708,487.7036280377317,False,39276.27884028188,637.627157218795,False,40278.60527604821,898.2447685735151,False,39640.57259238745,1307.5448985413254,False,39129.74978832929,1823.6097050693008,False,-0.7407416665585639,28.04664622528697,40230.90450951715,311.6474338965476,0.0,0.0013647548240585,False,63796.06640625,1035.69140625,False,65424.135198533535,1459.009982539664,False,63558.06073451042,2962.0709822531685,False,False,-1.2031792711783105,45.555886603644645,False,False
SDSS J021726.52-050827.3,34.36053599748,-5.14093176459,2025121600083,-1,i,20251216,i_39,0.0550992449211418,34.36053740123682,-5.140947005944897,746207766642690603,746207766642689765,1794.934629735238,3543.8572707358194,0.02759798,0.026132993,34.36053740123682,-5.140947005944897,1.5306691e-06,1.4535948e-06,39742.62125154353,799.820489015044,39151.09878031963,489.7607581205376,False,40325.34384532939,640.9456552876699,False,41481.87773819556,900.4294123981922,False,40794.73562546346,1313.3480432281822,False,38016.51375526167,1830.717728271387,False,-0.4729406138300694,29.492440163066583,39096.47364531316,306.52373685339666,0.0,0.0061628808591795,False,65591.203125,1042.5303955078125,False,67472.36376132071,1464.59379775815,False,61835.774677827954,2977.754606139459,False,False,-0.7692617324423182,47.97093958596615,False,False
SDSS J021726.52-050827.3,34.36053599748,-5.14093176459,2025121600084,-1,i,20251216,i_39,0.0677539516729414,34.36053162899405,-5.140950075307188,746207766778481209,746207766778480062,3438.3516604100428,2801.8282396131,0.026409354,0.02540916,34.36053162899405,-5.140950075307188,1.4637752e-06,1.4137971e-06,39472.53765151518,802.5971135603476,37679.706172164544,490.2160810185126,False,38373.54302762059,641.5805575496297,False,39020.68797621753,903.0935125626584,False,37265.12420943756,1316.292253952433,False,35653.44426709955,1835.81337515234,False,-0.6990624243625546,28.762081558173872,39235.848526884045,304.8298625772608,0.0,0.0002685603507125,False,62521.6015625,1045.3203125,False,63575.98787757754,1471.400561722439,False,58089.77386304736,2991.071017387365,False,False,-1.1389749008021433,46.86175060754559,False,False
SDSS J021726.52-050827.3,34.36053599748,-5.14093176459,2025121600085,-1,i,20251216,i_39,0.0702600637126319,34.36053407367112,-5.140951186990587,746207766912698889,746207766912697778,3567.173589711723,2926.6501391591496,0.030101376,0.028808096,34.36053407367112,-5.140951186990587,1.6666694e-06,1.6050045e-06,37704.13204519917,805.840033449178,37411.86739985136,491.3763413990022,False,38378.01553099093,643.4694415175718,False,40002.27622223515,906.0168385100638,False,41335.69079967355,1321.176849719414,False,43201.392314247816,1842.4857423444632,False,1.4373957876357168,29.460570199161243,39413.662187499045,318.70203512441856,0.0,0.0010110530683904,False,62361.23046875,1045.5867919921875,False,65000.52522921562,1472.205482570336,False,70198.83507275581,2993.893155339037,False,False,2.335654117268708,47.87108928149537,False,False
SDSS J021726.52-050827.3,34.36053599748,-5.14093176459,2025122400052,-1,g,20251224,g_6,0.1128439791561632,34.36053855853223,-5.140963006183516,746242946825715883,0,70.58396152186266,429.50395233602194,0.01952669,0.019021807,34.36053855853223,-5.140963006183516,1.0592079e-06,1.0823039e-06,38875.63896700336,388.82850396792753,38415.99629032071,254.08334177359947,False,39499.62444466895,318.9880949628005,False,40907.31663122203,434.8389367685045,False,41198.70808556197,623.0796603790999,False,40410.49521130062,859.8990115628671,False,-0.2271647506017503,13.440082687201445,39299.43641814184,207.2698545387872,0.0,2.3739001055567144e-05,False,82934.6171875,669.7571411132812,False,85890.25067138672,913.0011048493068,False,84847.10925292969,1805.4702126035293,False,False,-0.4769620444376852,28.21920786089489,False,False
SDSS J021726.52-050827.3,34.36053599748,-5.14093176459,2025122400053,-1,g,20251224,g_6,0.0939922064635699,34.360543974651385,-5.140956635310809,746242946938962620,0,1999.2798728791863,1778.2094780942562,0.020893987,0.019840702,34.360543974651385,-5.140956635310809,1.1093731e-06,1.1525261e-06,39818.27686513082,416.10174756673854,38544.69701075978,271.1661496464742,False,40134.51104742966,341.07872969675753,False,41382.02012893182,465.1024182373853,False,41466.00713438168,664.4933102361779,False,39935.07271629947,918.6784273440796,False,-0.1961535586863483,14.16997892221627,38677.5048451496,218.1822074422961,0.0,0.0186495307443891,False,83043.8984375,705.7394409179688,False,85625.16864013672,962.361742429018,False,82631.23272705078,1900.8737374905645,False,False,-0.4058690583386721,29.319661801471117,False,False
SDSS J021726.52-050827.3,34.36053599748,-5.14093176459,2025122400054,-1,g,20251224,g_6,0.1124328850788043,34.36055171566315,-5.140958789025108,746242947078423563,0,2762.928664589576,2649.263657542074,0.020995954,0.018790111,34.36055171566315,-5.140958789025108,1.0666078e-06,1.1454515e-06,39770.408155086094,407.5235474609882,38691.90076757342,265.8875513595164,False,39753.910324879005,333.9187044322204,False,40739.62914657266,454.9675485508848,False,40620.15282324624,651.0893669657797,False,40046.53593150976,900.1086454833362,False,-0.3653194311708574,13.732378064429362,39266.03316165396,214.855275028751,0.0,0.0134829617013949,False,82141.140625,689.9563598632812,False,84177.87280273438,940.0723873430302,False,82745.77551269531,1859.84096211421,False,False,-0.7548378140318639,28.37439609054083,False,False
SDSS J021726.52-050827.3,34.36053599748,-5.14093176459,2025122400055,-1,g,20251224,g_6,0.1072588855486068,34.36054809280834,-5.140959014693856,746242947257731205,746242947257729731,789.6130261453326,1483.6876610400818,0.0177576,0.0189918,34.36054809280834,-5.140959014693856,9.851458e-07,1.0548105e-06,38897.18006210878,396.8092863416187,38400.81778199962,259.8352481682885,False,39176.73759396058,325.7807448499618,False,39958.31535420496,443.2945826101477,False,39944.6470042497,634.2411002000284,False,39623.723067211926,876.8966263346344,False,0.1608435910518371,13.666845671803536,38545.47561446646,203.2340849789513,0.0,0.0206974810867817,False,83424.0546875,693.7267456054688,False,85088.36850783229,943.964040232958,False,84375.87821480632,1867.2885136281009,False,False,0.342504898573047,29.102568277811965,False,False
SDSS J021726.52-050827.3,34.36053599748,-5.14093176459,2026010100040,-1,i,20260101,i_39,0.0669047418706212,34.36053165026964,-5.140949837850234,746278129591387020,0,2656.076926905542,2308.836755082547,0.032914218,0.025318008,34.36053165026964,-5.140949837850234,1.8272203e-06,1.4068723e-06,39749.070144145815,1173.1118608346333,39451.80456368168,709.3947223864757,False,40370.46095210966,938.5544868513678,False,41508.29873744346,1329.5251692868237,False,42588.2676691353,1949.213929897161,False,42749.676656208525,2725.205973565565,False,0.7057642860861084,42.19448601942425,40614.93631632216,386.072379704778,0.0,0.0029996751535864,False,69083.78125,1606.097412109375,False,71030.9013671875,2275.1443455237627,False,73155.2041015625,4663.497242757106,False,False,1.2077361616423958,72.20513646301976,False,False
SDSS J021726.52-050827.3,34.36053599748,-5.14093176459,2026010100041,-1,i,20260101,i_39,0.0598581830397518,34.36053052635872,-5.140947473612311,746278129750770062,0,199.5511213646485,1012.1895035744612,0.030788118,0.027033886,34.36053052635872,-5.140947473612311,1.7065498e-06,1.5010825e-06,38662.75690316215,1203.5083245569226,38515.88536333271,725.9261386085742,False,39498.182600314336,961.1481790929412,False,41358.65848054234,1364.7807591921542,False,41673.66455531713,1997.5316645337332,False,41587.25744804144,2794.398977099113,False,-0.1258968521224193,44.24437307076716,40930.45387789426,407.86592861746175,0.0,0.0004937297789024,False,67043.125,1631.4263916015625,False,70201.04541015625,2316.5411928443086,False,70589.06298828125,4743.135698603941,False,False,-0.2136938420524366,75.09917771017824,False,False
SDSS J021726.52-050827.3,34.36053599748,-5.14093176459,2026010100042,-1,i,20260101,i_39,0.0596384179493731,34.36053382137194,-5.140948188428151,746278129884989191,746278129884988308,632.8970370371396,2451.217712630222,0.031382266,0.0302012,34.36053382137194,-5.140948188428151,1.7391354e-06,1.6772036e-06,40854.46252565893,1206.0836005480749,39923.300427486494,726.6737934407926,False,41374.79224560036,961.2222263403596,False,42503.57278803667,1363.718943118981,False,42905.75536104581,1998.5351354758843,False,46173.91396107444,2792.530369345455,False,1.471206353690104,43.80923858964628,40116.73595029242,407.6839560523805,0.0,0.000265805321046,False,70331.21875,1633.9400634765625,False,72249.9839435406,2318.1268133671124,False,78489.0380612202,4746.901521743305,False,False,2.5008400108346494,74.46942873403775,False,False
SDSS J021726.52-050827.3,34.36053599748,-5.14093176459,2026010100043,-1,i,20260101,i_39,0.0681467967514592,34.36053368042111,-5.140950553059632,746278130020255306,746278130020253945,2701.985563116666,722.1801011409038,0.03100097,0.034661666,34.36053368042111,-5.140950553059632,1.7225589e-06,1.9218219e-06,42261.95325904002,1186.797361584676,39812.391627521385,716.9777367072758,False,41730.880176249,948.9530461681804,False,42911.05123693494,1341.960564079256,False,41789.31428884677,1971.4527561448876,False,42371.66056538148,2754.5370839291168,False,0.2568444840042876,42.67498965349965,39592.47048893944,400.4201294497482,0.0,4.019624185236381e-05,False,70992.609375,1614.3597412109375,False,73000.3174020797,2282.94446989775,False,72082.7055260688,4686.020864703186,False,False,0.4369440578782158,72.5987292325878,False,False
SDSS J021726.52-050827.3,34.36053599748,-5.14093176459,2026010200044,-1,g,20260102,g_6,0.0807153589044344,34.36053523013528,-5.140954172493689,746282528176865563,0,109.55352130052754,2684.722540947361,0.030372055,0.025900016,34.36053523013528,-5.140954172493689,1.6304922e-06,1.5013339e-06,39432.66398627878,1312.8579221737484,37625.54195783474,773.3870642807315,False,40817.5151215419,1027.9967725493352,False,45364.20540416375,1464.9129219855265,False,44787.64863650942,2145.98584008974,False,44189.014756456,3001.2247275351738,False,-0.0342689836282692,46.708306452907394,43000.63332825618,582.1623997456768,0.0,0.0016794667071364,False,86802.5859375,2186.139404296875,False,96471.583984375,3115.2859115251163,False,93972.421875,6382.408790782384,False,False,-0.0728764695137878,99.32995119376642,False,False
SDSS J021726.52-050827.3,34.36053599748,-5.14093176459,2026010200045,-1,g,20260102,g_6,0.0618704766726748,34.36053500340288,-5.140948922291228,746282528305315976,0,3985.695424052468,1299.9006177171714,0.025789583,0.024295127,34.36053500340288,-5.140948922291228,1.4157098e-06,1.3663237e-06,40517.99592880769,1289.504465482537,36960.91148149549,761.940343762818,False,39993.93093527698,1012.5607491510688,False,41085.1355730337,1440.0914876854624,False,40937.01306938414,2109.2742855358124,False,41230.08937181175,2952.320405331709,False,0.1044361801900321,46.59997508466781,39371.20325122129,507.1652529187037,0.0,0.0030144844761629,False,85741.0546875,2170.780029296875,False,88080.435546875,3087.3425070534977,False,88391.19498705864,6329.336962106127,False,False,0.2238956768595303,99.90343331433692,False,False
SDSS J021726.52-050827.3,34.36053599748,-5.14093176459,2026010200051,-1,i,20260102,i_39,0.0857843336668646,34.360530701728315,-5.140955002502061,746282529112196777,746282529112196045,984.0138150043008,2701.891296836584,0.03522653,0.045748286,34.360530701728315,-5.140955002502061,2.091857e-06,2.4307674e-06,40025.25482832076,1145.9860641526664,37458.98037891992,688.7439245012706,False,39490.89340468916,911.5510414124586,False,39627.75073256966,1287.06991662786,False,40535.82245931029,1890.8366374116183,False,40346.52671880964,2643.320671711883,False,-0.0234501345984361,41.72419575503438,40119.725349460816,441.9004729241181,0.0,0.0020526981795077,False,66580.5703125,1536.8502197265625,False,66811.30803849548,2169.964811962685,False,68023.14476754516,4456.56663266322,False,False,-0.0395362880112348,70.34585722668703,False,False
SDSS J021726.52-050827.3,34.36053599748,-5.14093176459,2026010400105,-1,i,20260104,i_39,0.0696347630660686,34.360529476344645,-5.1409499845650455,746291332457695575,746291332457694743,494.52491000071296,3363.4356434898527,0.027570391,0.01848995,34.360529476344645,-5.1409499845650455,1.5056625e-06,1.0605719e-06,39460.26799890621,937.8503160077394,38675.13077878692,572.4635982656949,False,39005.17308779043,753.2406616273576,False,39001.4585541515,1064.8779494511282,False,37064.89376840129,1559.8408266122433,False,31803.002079815386,2173.2535492244488,False,-2.20922460394019,34.954478514834626,39860.27023234733,316.634635566328,0.0,0.003782468151103,False,66960.453125,1293.093505859375,False,66954.0763591528,1828.083414924994,False,54596.43584215641,3730.8395500271617,False,False,-3.792591310946899,60.00659745396845,False,False
SDSS J021726.52-050827.3,34.36053599748,-5.14093176459,2026010400106,-1,i,20260104,i_39,0.0614329162240685,34.360532399498204,-5.1409484487867,746291332609738794,746291332609737165,2460.8831181115165,968.8109610483148,0.024339067,0.020040596,34.360532399498204,-5.1409484487867,1.3445521e-06,1.1216978e-06,39029.80938245509,930.8517153190226,38007.218555374944,567.8103298106304,False,38258.42192481716,747.3994156471996,False,37994.2754211067,1056.531998423303,False,36293.641745787245,1543.7439060615682,False,35693.74078830858,2155.152661250133,False,-1.060440190871416,34.3449254422496,39793.31660135504,318.68133194120924,0.0,0.0056405940667617,False,66104.40625,1291.3861083984375,False,65648.00353100896,1825.5175442715852,False,61673.04930374026,3723.757538405795,False,False,-1.8322702729074116,59.34251309481522,False,False
SDSS J021726.52-050827.3,34.36053599748,-5.14093176459,2026010400114,-1,g,20260104,g_6,0.0894066315170621,34.36053726474684,-5.140956567671818,746291333634196291,0,3458.894556269237,3797.997990004928,0.018479668,0.017775614,34.36053726474684,-5.140956567671818,9.869748e-07,1.026539e-06,40478.98161975357,780.5048077909247,39382.65070210256,478.11391243081766,False,40254.605688680975,627.4848193922592,False,40116.613004078885,880.8308503216385,False,38434.48063510888,1289.327132803707,False,37657.90381429061,1800.1514123963775,False,-0.6056541778321844,29.085492485261756,40042.55709500982,300.1789084224064,0.0,4.060771948477537e-06,False,87475.765625,1363.5635986328125,False,87175.89892578125,1914.1003047924737,False,81832.970703125,3911.841150752508,False,False,-1.3161242546898797,63.2045869087688,False,False
SDSS J021726.52-050827.3,34.36053599748,-5.14093176459,2026010400129,-1,y,20260104,y_10,0.0682251727206239,34.360521092796795,-5.14094354555205,746291335678395048,0,2247.64100960877,3337.4690740465016,0.102409504,0.16230407,34.360521092796795,-5.14094354555205,5.8705386e-06,8.890001e-06,31833.49623137161,4035.5368823441936,31716.90772804846,2387.617493863025,False,30729.8754298262,3184.2031546209087,False,34161.57092734025,4550.190625546666,False,28407.47761047959,6682.430283215351,False,14632.38505299949,9346.805388531177,False,-7.946784774797337,147.61181096561717,35272.10790033101,1312.157485189373,0.0,0.0133059682030896,False,14692.8125,1522.45654296875,False,16333.60205078125,2175.573339146237,False,6996.15234375,4468.968947214992,False,False,-3.7995799540607633,70.57733332684465,False,False
SDSS J021726.52-050827.3,34.36053599748,-5.14093176459,2026010400130,-1,y,20260104,y_10,0.0167572915019656,34.36054042766591,-5.140930281946705,746291335807370003,0,1803.4050052418884,3964.881727299876,0.11325759,0.21869023,34.36054042766591,-5.140930281946705,6.5035065e-06,1.2025655e-05,37325.46940319626,4027.1540371450433,30267.75975728445,2378.8634762563315,False,30170.364655568774,3172.9886785764543,False,23408.26278052079,4523.705775045169,False,19006.74642274056,6646.900860565604,False,9300.906188989698,9316.011472552616,False,-2.7932475445690432,147.24401841868544,30750.29383340952,1326.9492502190326,0.0,0.0099799575428701,False,14504.572265625,1525.43212890625,False,11253.65380859375,2174.7969595871905,False,4471.462890625,4478.724840539506,False,False,-1.3428694458455324,70.78838887817808,False,False
SDSS J021726.52-050827.3,34.36053599748,-5.14093176459,2026010500044,-1,r,20260105,r_57,0.062777528762964,34.3605326780314,-5.140948886524387,746295722312730141,746295722312728625,204.70522802516604,141.91940474557376,0.021613084,0.018767623,34.3605326780314,-5.140948886524387,1.1828307e-06,1.0621317e-06,41225.356503826624,902.3301703157392,41307.52441953414,548.8668742223873,False,41929.20973773261,722.8928490683392,False,42777.59307805651,1021.7705526591136,False,41917.05170532504,1492.716599305275,False,40855.34991565644,2085.5679553920418,False,-0.1946792345727763,33.513474851234804,43495.65438862142,309.8280878095167,0.0,0.0009550789870662,False,84739.1796875,1460.970703125,False,86453.76741212606,2065.0043013631807,False,82568.90266603231,4214.945114107823,False,False,-0.3934478790102652,67.73092994442091,False,False
SDSS J021726.52-050827.3,34.36053599748,-5.14093176459,2026010500045,-1,r,20260105,r_57,0.0785064814009931,34.36053703071661,-5.140953547651476,746295722445374486,0,3674.3141927118136,2928.515745946045,0.025743395,0.016379528,34.36053703071661,-5.140953547651476,1.392505e-06,9.648486e-07,42133.24880705421,910.7645359597932,43072.16286374127,554.8343413859094,False,43433.89252319047,730.141203376469,False,45510.26143255864,1034.2259124772186,False,45368.79960224306,1511.2227726590631,False,44976.3701711546,2109.5944286090858,False,0.9766475301371852,32.90883816588912,44190.293418756686,303.62513856938403,0.0,0.0001268403179914,False,87597.796875,1472.55419921875,False,91785.43310546876,2085.834497925081,False,90708.67724609376,4254.64570432556,False,False,1.9697099889849632,66.37078911379248,False,False
SDSS J021726.52-050827.3,34.36053599748,-5.14093176459,2026010500052,-1,y,20260105,y_10,0.0792007406219263,34.36052229654017,-5.140949021487562,746295723362353975,0,3595.9643306376506,3894.547725983333,0.12556447,0.10590453,34.36052229654017,-5.140949021487562,6.1758997e-06,6.7090937e-06,34998.485422722486,3835.0263442537776,33368.883884506395,2239.200627978226,False,34550.97761783656,2984.1583670069394,False,37902.88210412418,4254.131235633281,False,33130.00110564863,6238.162405976318,False,31226.76042005089,8736.243752346305,False,-0.1374834837711332,137.57252805732307,34917.77941688784,1234.4671982747543,0.0,0.0025939171126284,False,14091.28125,1217.06005859375,False,15458.322998046877,1735.0061806868252,False,12735.531494140623,3562.9923165854398,False,False,-0.0560713059548488,56.10762180368779,False,False
SDSS J021726.52-050827.3,34.36053599748,-5.14093176459,2026010500053,-1,y,20260105,y_10,0.0760679326939018,34.36051988697648,-5.140945512744741,746295723500765501,0,2228.112165382155,1457.076080816075,0.13332151,0.14912283,34.36051988697648,-5.140945512744741,8.01291e-06,7.677215e-06,39023.07507346044,3926.65628791148,33053.33075323248,2296.0451121630604,False,38861.827071142056,3062.149190518588,False,43510.60183235777,4352.844275330733,False,42104.29672232278,6405.026583224036,False,25283.43051579437,8957.452569421108,False,-5.148824858986568,141.33124824465926,37290.84201779044,1395.0726602655184,0.0,0.0322324477026468,False,15411.0048828125,1214.3226318359375,False,17254.51806640625,1726.159304307588,False,10026.370361328123,3552.157880590695,False,False,-2.0418125194507617,56.04616974917803,False,False
SDSS J021726.52-050827.3,34.36053599748,-5.14093176459,2026010500060,-1,z,20260105,z_20,0.042739242517007,34.36053456379579,-5.140943550416984,746295724433999212,0,1289.1463589278133,3532.6031385736364,0.038797714,0.038010474,34.36053456379579,-5.140943550416984,2.1074075e-06,2.153535e-06,36644.897202612985,1442.8259987328224,36209.61239160747,869.2931062150308,False,36960.06432586095,1152.2841323755438,False,38388.013183046925,1636.0987184554706,False,38595.24522740818,2397.7748451198527,False,33063.64792254567,3351.468122590449,False,-1.6491978303192152,52.90519225749367,36918.41557084103,491.17258592264665,0.0,7.211028060705171e-05,False,43915.78125,1369.1387939453125,False,45612.46362304688,1944.0050966800395,False,39286.07690429688,3982.199263518243,False,False,-1.9595694021451409,62.861710133540605,False,False
SDSS J021726.52-050827.3,34.36053599748,-5.14093176459,2026010500061,-1,z,20260105,z_20,0.0519447797303825,34.36053402060391,-5.140946058729514,746295724587090675,0,3544.1774277060545,2009.4868510015156,0.043004196,0.038763866,34.36053402060391,-5.140946058729514,2.1588537e-06,2.3845616e-06,36941.24317909306,1464.1664202630684,36655.616975672325,884.2501912638613,False,37732.77995199522,1172.0912338779767,False,39956.70540989405,1663.712793268017,False,36500.87091892994,2436.239840057934,False,37168.974226252525,3408.396403773092,False,-0.5438757183641525,55.35528639390848,36547.81104896228,497.18572079666734,0.0,0.0352357274908862,False,45437.04296875,1411.4083251953125,False,48115.048583984375,2003.4089661973276,False,44758.11962890625,4104.321336773967,False,False,-0.6549240320064215,66.65770530629788,False,False
SDSS J021726.52-050827.3,34.36053599748,-5.14093176459,2026010600045,-1,g,20260106,g_6,0.1092684170728053,34.36054241854448,-5.140961435542199,746300120491360847,0,2201.079611269965,3925.2403932865495,0.03799642,0.025576526,34.36054241854448,-5.140961435542199,1.8643879e-06,1.7327457e-06,38810.327058269424,914.0447460143754,38636.54626948341,552.7999253457685,False,39623.8107829373,729.1808580954846,False,41573.76232248719,1030.7641079280118,False,43130.16895244405,1510.5438295513277,False,43582.51739417158,2109.544170699933,False,0.556570140914749,33.5604994025791,39296.05458904194,376.7497034605295,0.0,0.0206737166563233,False,79898.3359375,1470.3365478515625,False,83830.26171875,2078.4557401282027,False,87880.76025390625,4253.731922679135,False,False,1.122280447360138,67.67213961793404,False,False
SDSS J021726.52-050827.3,34.36053599748,-5.14093176459,2026010600052,-1,i,20260106,i_39,0.0547521457453019,34.360536803580324,-5.1409469523137385,746300121459196628,0,3523.848720113146,1985.5273915193245,0.04555725,0.03838853,34.360536803580324,-5.1409469523137385,2.5156148e-06,2.144618e-06,41459.69526189562,1144.7401059963804,38354.87531897256,690.2084473708373,False,40644.82662700829,912.9771477854016,False,41115.536927201705,1294.8078637965898,False,39919.09540571026,1893.3190663962584,False,42514.66012775546,2650.337144912272,False,0.135906971630916,42.80408948842359,39754.4725140183,437.8788527905343,0.0,0.0024231075672898,False,66852.46875,1501.66162109375,False,67626.69140625,2129.695447985903,False,69927.96435546875,4359.2652709084405,False,False,0.2235393118352123,70.4040167561091,False,False
SDSS J021726.52-050827.3,34.36053599748,-5.14093176459,2026010600053,-1,i,20260106,i_39,0.0762152481344283,34.360536076140605,-5.1409529353473005,746300121592891047,746300121592890504,1024.414459970231,3671.661850864048,0.054002307,0.048464637,34.360536076140605,-5.1409529353473005,2.983364e-06,2.708699e-06,38331.27009737943,1137.829648857082,37566.658600731935,684.9949341272331,False,37451.86975790308,906.3063913596789,False,36810.57152105984,1287.3132624383134,False,35293.23430236686,1885.0322952997296,False,33245.316570563155,2633.3558496004,False,-1.6476684129468362,41.76092413083552,40277.88625253519,476.6645689882077,0.0,0.0352461003630906,False,61563.875,1489.79833984375,False,60509.70054233074,2116.1024345886176,False,54649.08766680956,4328.744903880464,False,False,-2.708458960041701,68.6471551272208,False,False
