simbad_id,target_ra,target_dec,visit,detector,band,day_obs,physical_filter,sep_arcsec,src_ra,src_dec,sourceId,parentSourceId,x,y,xErr,yErr,ra,dec,raErr,decErr,calibFlux,calibFluxErr,ap09Flux,ap09FluxErr,ap09Flux_flag,ap12Flux,ap12FluxErr,ap12Flux_flag,ap17Flux,ap17FluxErr,ap17Flux_flag,ap25Flux,ap25FluxErr,ap25Flux_flag,ap35Flux,ap35FluxErr,ap35Flux_flag,sky,skyErr,psfFlux,psfFluxErr,extendedness,sizeExtendedness,apFlux_12_0_flag,apFlux_12_0_instFlux,apFlux_12_0_instFluxErr,apFlux_17_0_flag,apFlux_17_0_instFlux,apFlux_17_0_instFluxErr,apFlux_35_0_flag,apFlux_35_0_instFlux,apFlux_35_0_instFluxErr,extendedness_flag,sizeExtendedness_flag,localBackground_instFlux,localBackground_instFluxErr,localBackground_flag,sky_source
VIDEO J022631.54-042035.31,36.6315007244,-4.34314385836,2025072100521,-1,u,20250721,u_24,0.4758596473021372,36.63161373134689,-4.343212960296814,745556914568953923,0,2134.0,638.0,1.2965398,1.3191968,36.63161373134689,-4.343212960296814,7.312288e-05,7.2326584e-05,1347.27324341953,874.3844770862642,1842.0132470059336,521.8204033245637,True,2285.829488568759,695.5991925585658,True,4440.0095844652105,989.0202504154232,True,7731.5426534859,1456.8503642734188,True,12753.95731710458,2042.4118663608988,True,2.503795491330211,33.017586007797505,1851.7710744394071,365.1599547520743,,,True,662.6520385742188,201.65118408203125,True,1287.1394901275637,286.712674067093,True,3697.316820144653,592.0863273575329,True,True,0.7258394358809996,9.571654747776469,True,False
VIDEO J022631.54-042035.31,36.6315007244,-4.34314385836,2025072100523,-1,u,20250721,u_24,0.2577348404983737,36.63156263045828,-4.343107592984003,745556914837389378,0,2122.4086675973017,623.2048026897469,1.6986854,1.5358683,36.63156263045828,-4.343107592984003,8.6988424e-05,9.300109e-05,3008.920776181505,877.8297761790878,3358.3173990055084,525.1988529019563,False,4020.0148015566106,697.7961661911093,False,5861.157994435851,991.914613323516,False,4504.973901089269,1448.5721608431154,False,7499.371987758614,2029.1317828210872,False,0.6969326249224096,33.14249065138406,2461.616914571779,351.6825566425843,1.0,1.0,False,1173.5836181640625,203.7112274169922,False,1711.0780296325684,289.5747399644558,False,2189.3302750885487,592.3748883941346,False,False,0.2034591293684571,9.675457930791447,False,False
VIDEO J022631.54-042035.31,36.6315007244,-4.34314385836,2025072100544,-1,u,20250721,u_24,0.1501429604007907,36.63146239958706,-4.343160563274749,745556917655961757,0,1562.1125018152943,1038.6486770598342,0.68556684,0.44840816,36.63146239958706,-4.343160563274749,2.7249036e-05,3.6497182e-05,2201.1623490151514,784.7910918790955,2415.4271320611783,467.5671337948685,False,3340.6684384741147,621.7428582516518,False,5583.493133244411,885.1570166835822,False,5770.422460994732,1291.3952374892312,False,5119.123270038836,1802.4778020362291,False,0.2815997899009855,28.30331664644921,2235.1688343434603,318.0732107817802,1.0,0.902108999583634,False,1083.5111083984375,201.6558380126953,False,1810.9480018615725,287.0914842095348,False,1660.3344601541758,584.6149527008762,False,False,0.0913339668691422,9.17988676689914,False,False
VIDEO J022631.54-042035.31,36.6315007244,-4.34314385836,2025072100547,-1,u,20250721,u_24,0.3948292673147633,36.63152515068715,-4.343250794505878,745556918058614898,0,1554.0352082290117,1040.7868105626972,1.3089916,0.6293526,36.63152515068715,-4.343250794505878,4.264192e-05,6.8578694e-05,881.523789382453,775.6513821883586,1769.7148990009866,461.38107702727353,False,2558.9413998698697,614.8003512056323,False,4728.63489360237,874.3623991993331,False,7453.177352239846,1283.114762389872,False,9670.913256064723,1789.972772935051,False,1.6919968049043206,28.369643838583684,1882.9122774101525,317.3464698535398,0.0,0.9998275926090432,False,836.5079345703125,200.975830078125,False,1545.7722511291504,285.82564831589025,False,3161.383716583252,585.1350981703365,False,False,0.553107137444436,9.27392560576645,False,False
VIDEO J022631.54-042035.31,36.6315007244,-4.34314385836,2025072100549,-1,u,20250721,u_24,0.2188333080471911,36.631520424553685,-4.343201383943104,745556918327050372,0,1543.8854871385015,1045.7428654056423,0.86467725,1.9579093,36.631520424553685,-4.343201383943104,0.000102212056,6.0886963e-05,1870.218307758232,774.7922029949583,2804.1400849619517,460.764263493783,False,3151.89068146848,612.3492958717342,False,5042.611782306405,873.1595851709828,False,5845.280976766741,1275.978808456187,False,9127.8003600377,1785.588469922483,False,1.0178439271910436,28.616379011651496,1917.042182508648,317.0685932108721,1.0,0.999999886747475,False,1032.6285400390625,200.6190643310547,False,1652.070255279541,286.0662373087581,False,2990.467662781477,584.9979587323693,False,False,0.3334680021431524,9.375353610372882,False,False
VIDEO J022631.54-042035.31,36.6315007244,-4.34314385836,2025072800388,-1,u,20250728,u_24,0.364271867841105,36.63160150213882,-4.343155725408273,745587683042525706,0,355.0004241791954,3922.0926612121143,0.6838884,0.64756584,36.63160150213882,-4.343155725408273,3.6481553e-05,3.7507165e-05,176.03747276043148,627.0753118758713,1294.0681170174032,372.3311016591507,False,1196.5906787907436,494.61564216162606,False,2403.3591753231944,702.7049011460642,False,2709.452111653768,1033.6291842018895,False,2705.516282226934,1445.8291779652498,False,0.0811270078702185,22.46867916464523,1836.6953376936235,290.0146463351558,1.0,0.5985865973821203,False,434.3327941894531,179.53323364257812,False,872.359884262085,255.06448329835888,False,982.0354340150952,524.8001993638335,False,False,0.0294470955164976,8.155574313171895,False,False
VIDEO J022631.54-042035.31,36.6315007244,-4.34314385836,2025072800389,-1,u,20250728,u_24,0.1761343944529748,36.63147196502791,-4.343183499462826,745587683176743590,745587683176743419,360.0,3900.0,3.932324,2.2412252,36.63147196502791,-4.343183499462826,0.00015332326,0.00019931921,1743.7983428627454,628.2917985652881,1951.276995233815,373.7068170971394,True,1852.391172320588,496.2592723846057,True,1710.149002171304,702.5820741117391,True,3308.3266425233182,1034.5914971800275,True,5910.237787121717,1449.9565867252622,True,0.6393500584683313,22.68811805640927,1943.4288068214375,309.2521055377664,,,True,668.886474609375,179.19601440429688,True,617.5237467181869,253.697844007546,True,2134.1486488399096,523.5699479264485,True,True,0.2308651720221906,8.192532726908544,True,False
VIDEO J022631.54-042035.31,36.6315007244,-4.34314385836,2025072800390,-1,u,20250728,u_24,0.3348460910119605,36.63156657618472,-4.343209735471466,745587683310961295,745587683310961126,371.0,3884.0,,,36.63156657618472,-4.343209735471466,,,1393.2258997808174,622.9263621365543,1729.67349280711,370.6850885000191,True,1915.893610807348,492.73079625067845,True,2442.054514955691,699.587556581653,True,2628.130158144002,1029.8415228455924,True,5912.509524644132,1444.174800002778,True,0.514089372381319,22.589280405872103,1610.0972658777823,285.60864697217886,,,True,696.9984130859375,179.2545166015625,True,888.4147386848927,254.50860841203163,True,2150.959600672126,525.3880164026783,True,True,0.187024725544719,8.217936792957612,True,False
VIDEO J022631.54-042035.31,36.6315007244,-4.34314385836,2025110500301,-1,g,20251105,g_6,0.2032239946678203,36.6315568606468,-4.343151174239387,746027476029276356,0,873.0,2775.0,,,36.6315568606468,-4.343151174239387,,,9655.071242303977,2000.2959822774544,7018.260478544427,1139.851731218342,True,9538.289876110552,1522.3376771214555,True,9425.684168713577,2163.6767736082707,True,5903.854138484991,3189.614418264281,True,-1516.1058480152808,4470.230474381219,True,-1.7187168711781358,71.93276457358253,8536.705419183407,1101.8245772618136,,,True,18402.041015625,2937.01708984375,True,18184.79296875,4174.340395359262,True,-2924.994140625,8624.330525421596,True,True,-3.3158877291915245,138.77851284072472,True,False
VIDEO J022631.54-042035.31,36.6315007244,-4.34314385836,2025110500302,-1,g,20251105,g_6,0.2114189730070107,36.63146026105214,-4.343186531837886,746027476143046755,0,4036.223842929708,1228.059819433293,3.3604326,3.6474822,36.63146026105214,-4.343186531837886,0.00019738892,0.00019224084,7524.27080341627,1862.017159645492,7632.209036171166,1073.0484966849915,True,8943.093722922871,1433.704628061139,True,10665.920433519172,2045.2595788264828,True,10019.322579714037,3007.0818831552538,True,8006.472620409694,4208.226783783364,True,-1.111653665445276,67.56320250346914,7702.872058316081,967.7852937104644,,,True,18154.265625,2910.385986328125,True,21651.5625,4151.827859180295,True,16252.947265625,8542.599374444855,True,True,-2.2566302613792337,137.1516795781457,True,False
VIDEO J022631.54-042035.31,36.6315007244,-4.34314385836,2025110500307,-1,i,20251105,i_39,0.246864868035926,36.63156558364524,-4.343166656144354,746027476835107103,0,3445.752772222509,1159.2336082538327,0.08383204,0.13481791,36.63156558364524,-4.343166656144354,6.9451557e-06,5.4218835e-06,68227.29972339688,1780.2089575045704,62330.48285465418,1058.0286134582504,False,68323.63985000084,1404.8567533069845,False,71640.52156397038,1998.9902726651685,False,70255.39972275584,2926.610188172141,False,70208.32762952455,4089.646219265877,False,-1.1200139894368912,64.82071314569482,53603.40017927801,723.3655072343003,1.0,0.9842414162960884,False,111213.0703125,2286.740478515625,False,116612.0888671875,3253.834927939838,False,114280.8505859375,6656.877671256858,False,False,-1.8230907315782752,105.51121902470577,False,False
VIDEO J022631.54-042035.31,36.6315007244,-4.34314385836,2025110800054,-1,y,20251108,y_10,0.1666383925090116,36.63150640639455,-4.343189798756062,746040636984525539,0,2571.1540998326304,3567.072422867692,0.059380904,0.059116,36.63150640639455,-4.343189798756062,3.29062e-06,3.2887795e-06,121603.04823876424,4266.679630011055,114348.18609138008,2550.725990604237,False,122681.85276845517,3382.5354233627777,False,124739.57037027446,4794.455780922293,False,136388.43400181687,7035.59205766649,False,139391.06141155568,9835.244135311756,False,7.417760128373517,158.6163704418299,89240.35266577438,1383.027890710353,1.0,0.9868930103350372,False,55551.20703125,1531.6358642578125,False,56482.9560546875,2170.9633468844254,False,63117.25439453125,4453.467818054299,False,False,3.358814032399273,71.82260973503303,False,False
VIDEO J022631.54-042035.31,36.6315007244,-4.34314385836,2025110800055,-1,y,20251108,y_10,0.226662955688339,36.63155333842041,-4.343178669933196,746040637118743278,0,2569.5723988749373,3569.3412727433674,0.13169213,0.06701951,36.63155333842041,-4.343178669933196,6.150017e-06,5.427302e-06,120630.86093235057,4270.27181267954,114946.52347246642,2545.68565193566,False,122190.65146950875,3376.627479269569,False,127906.55549138064,4803.200359241871,False,126104.15151518906,7034.83381967362,False,118895.94367088596,9834.165910018992,False,-0.2922966153850128,153.68090453761675,87288.00625075413,1366.9247174565232,1.0,0.9972296059043736,False,55126.95703125,1523.38330078125,False,57705.71728515625,2166.989181512674,False,53640.5322265625,4436.735830769198,False,False,-0.1318711600513098,69.33395083078766,False,False
VIDEO J022631.54-042035.31,36.6315007244,-4.34314385836,2025110800056,-1,y,20251108,y_10,0.1877778084020118,36.63153333238241,-4.343184644821312,746040637270786984,0,3524.0575278532133,3916.898659335485,0.115187675,0.058782272,36.63153333238241,-4.343184644821312,5.227813e-06,4.9260975e-06,122155.31967702578,4196.527033855342,121123.76345135544,2516.694716984413,False,126427.10133356883,3334.863874684382,False,134503.96443087386,4716.61188457185,False,139866.54003950857,6931.581668567809,False,154829.83488184895,9690.382136372573,False,9.355874291604492,153.979869381986,86721.62883054493,1214.4563265780328,1.0,0.9998453240345152,False,57645.12890625,1520.5494384765625,False,61327.81884765625,2150.5650071778014,False,70595.5107421875,4418.382779560724,False,False,4.265862096665909,70.20796431987262,False,False
VIDEO J022631.54-042035.31,36.6315007244,-4.34314385836,2025110800057,-1,y,20251108,y_10,0.1761815285883218,36.631502142629806,-4.343192777237391,746040637405004740,0,3521.765828677429,3917.706832940484,0.057371274,0.03889081,36.631502142629806,-4.343192777237391,2.772633e-06,2.6713267e-06,122316.82888707476,4145.029356372369,117089.92488122778,2479.976118880671,False,125760.26081191424,3287.469920680926,False,133956.76737269975,4668.766131391341,False,139071.4015163814,6841.5035294171,False,131643.21016290027,9552.847852546847,False,9.27638610013456,151.8063399349334,86423.38008180461,1207.9425349268506,1.0,0.9999105763569094,False,57237.875,1496.2420654296875,False,60968.390625,2124.9180822905414,False,59915.41015625,4347.833789052494,False,False,4.2220064162028,69.09235280927504,False,False
VIDEO J022631.54-042035.31,36.6315007244,-4.34314385836,2025110800166,-1,z,20251108,z_20,0.2251756811239124,36.63155498423611,-4.343175244777845,746040652048369461,746040652048368071,1040.7591928461577,1194.3872224741374,0.041537855,0.06204235,36.63155498423611,-4.343175244777845,3.3377478e-06,2.4596397e-06,98958.2478148452,1438.4608447050753,97125.0022853826,882.4376978742737,False,100078.12761739656,1154.6317481869146,False,104461.4484159288,1624.628662603159,False,102749.8001892623,2367.7466430465706,False,101954.9756960074,3303.653408184475,False,-0.9318510354710746,50.954966684698704,72877.55926750651,539.4057586549691,1.0,0.9884103586879878,False,120738.6875,1392.9989013671875,False,126026.91993106157,1960.0240039211933,False,123003.0001829341,3985.673852572741,False,False,-1.124226378399348,61.47432956217005,False,False
VIDEO J022631.54-042035.31,36.6315007244,-4.34314385836,2025110800167,-1,z,20251108,z_20,0.1976679252399859,36.63150119231108,-4.343198764134695,746040652171577412,746040652171576552,708.7735034597755,2958.643588354721,0.024254445,0.02546274,36.63150119231108,-4.343198764134695,1.4053959e-06,1.356836e-06,100873.80979347604,1455.8047186799963,96909.9349337825,895.6563205361638,False,99869.70125396966,1171.7120676234613,False,100788.37966844183,1647.7838759026024,False,99904.186944162,2400.657646291565,False,100810.171112395,3351.067450560771,False,0.4823905124147525,53.351049372914645,73180.87737752614,508.1819678487555,1.0,0.9939067969854274,False,120261.703125,1410.9593505859375,False,121367.9628750682,1984.2383907209685,False,121394.2038283348,4035.308745605877,False,False,0.5808879356393756,64.2445905067494,False,False
VIDEO J022631.54-042035.31,36.6315007244,-4.34314385836,2025110800170,-1,r,20251108,r_57,0.1672726580462282,36.63150778178214,-4.3431897870066605,746040652553782204,0,2952.0803947995714,1983.6809345126876,0.04577068,0.044640716,36.63150778178214,-4.3431897870066605,2.5286165e-06,2.491885e-06,24071.2448849088,540.1469129343949,24193.667557988734,331.5888649993587,False,25358.361245163724,433.6050878420845,False,26777.30509536771,609.4339702434124,False,27918.214910916904,888.6904647808343,False,27696.56597084185,1238.695427362533,False,0.3309852355167688,19.326040621361813,20228.98521277957,217.2028096515756,1.0,0.8390773521180691,False,53317.93359375,911.6885375976562,False,56301.37377929688,1281.3824852901644,False,58234.19151306152,2604.4538091590275,False,False,0.695922289188165,40.63450869390875,False,False
VIDEO J022631.54-042035.31,36.6315007244,-4.34314385836,2025110800171,-1,r,20251108,r_57,0.1680394526171839,36.63150339709619,-4.343190459845016,746040652687999894,0,2951.064098693416,1986.0992463084983,0.04213675,0.0432939,36.63150339709619,-4.343190459845016,2.351514e-06,2.3925697e-06,25019.22154572353,540.8152958094953,24226.36193574624,333.1442143883768,False,26088.316170263894,435.9552661454195,False,27967.964151667555,611.7758841917198,False,29159.62765806823,893.1151487417887,False,30789.68816057754,1245.6229964176755,False,1.1239778017751043,19.668636417969516,20008.241676750175,213.66031149282853,1.0,0.8840969668205951,False,54880.6640625,917.096923828125,False,58834.78393554688,1286.9618170349345,False,64770.70124042034,2620.353754100934,False,False,2.364454944134586,41.37591022652496,False,False
VIDEO J022631.54-042035.31,36.6315007244,-4.34314385836,2025110800172,-1,r,20251108,r_57,0.1803758986006833,36.631500493193485,-4.343193962245883,746040652816974825,0,2664.399579374497,2299.2419428881312,0.03892524,0.041980613,36.631500493193485,-4.343193962245883,2.202226e-06,2.294827e-06,25286.12720027197,545.1962762158375,24366.25064966209,335.2242363325029,False,26115.8236221616,438.94850606331386,False,27712.49313187329,616.9952412324309,False,28989.573548076743,899.7537991125826,False,30990.228733444776,1255.2381714179944,False,0.7885374505063515,19.99399471507051,20829.46171089639,228.1124773927465,1.0,0.8481636054227281,False,55249.08984375,928.6134643554688,False,58626.90930175781,1305.2785931319324,False,65561.09262889624,2655.5075386987583,False,False,1.668183132130567,42.29811115016872,False,False
VIDEO J022631.54-042035.31,36.6315007244,-4.34314385836,2025110800173,-1,r,20251108,r_57,0.1715346618010331,36.63150146772803,-4.343191501112026,746040652951192637,0,2664.9087051082256,2302.837826295342,0.04260578,0.04426681,36.63150146772803,-4.343191501112026,2.388224e-06,2.4386827e-06,24276.798264865814,547.9237967013921,24216.55632397696,337.0177071588173,False,25437.924549532458,441.2078824294129,False,27933.40160742204,620.1978037302551,False,28426.26172921709,904.2194011617312,False,29405.654770809277,1261.5094519091008,False,0.6582111096205261,19.85659958540392,20447.23743036472,217.933123727041,1.0,0.7037298249515319,False,53793.67578125,933.0239868164062,False,59070.87060546875,1311.5346540613066,False,62184.24996882677,2667.718835270617,False,False,1.3919215365859778,41.99082665472228,False,False
VIDEO J022631.54-042035.31,36.6315007244,-4.34314385836,2025110900312,-1,g,20251109,g_6,0.165104104106229,36.63150947952018,-4.343188882059898,746045069691192532,0,3259.0612757888703,3409.4231050304634,0.0949586,0.09179077,36.63150947952018,-4.343188882059898,5.099305e-06,5.2724763e-06,7982.995006420972,553.5657091478135,8086.56100595971,332.7162370328386,False,8323.401238666416,441.5053505362614,False,8887.317356416159,627.4597721295451,False,8431.231198833342,918.99377361763,False,9544.28543195857,1285.8136594038838,False,0.4343564278416315,20.166170709165847,6884.497014771373,175.32785996591494,1.0,0.5583511386749653,False,18122.666015625,961.2962036132812,False,19350.489013671875,1366.177547192934,False,20780.915431261063,2799.6213133945607,False,False,0.9457307472990476,43.90810512396341,False,False
VIDEO J022631.54-042035.31,36.6315007244,-4.34314385836,2025110900315,-1,i,20251109,i_39,0.1815115371312246,36.63150459888646,-4.343194130000929,746045070080738683,0,793.0535382061347,2795.524841022834,0.023961153,0.028988473,36.63150459888646,-4.343194130000929,1.6017245e-06,1.3423959e-06,65212.886357743206,911.6663754999162,63243.66921693768,562.8524444062201,False,66182.47133649813,734.1776590135117,False,68573.02223181269,1030.0124869110423,False,69440.00494873176,1498.084593373899,False,68762.20892716403,2088.8256173542504,False,0.8180590574883527,32.852411256721616,49409.939054707465,337.6152352835877,1.0,0.9541657931270856,False,115002.3203125,1275.7476806640625,False,119156.27368164062,1789.806629361902,False,119485.01494044064,3629.658848829559,False,False,1.4215046350488143,57.08616565818601,False,False
VIDEO J022631.54-042035.31,36.6315007244,-4.34314385836,2025110900316,-1,i,20251109,i_39,0.1822482058982069,36.63150208300721,-4.343194464732508,746045070233831714,746045070233829975,3740.5683975057855,1203.5539577641875,0.02667972,0.030625198,36.63150208300721,-4.343194464732508,1.6955166e-06,1.4855278e-06,64015.16138846292,938.4314696534644,62736.13125318058,579.8049583728913,False,64428.85777278558,756.6388429763808,False,64835.61970743639,1064.056701093762,False,67357.32493555796,1551.2493222963271,False,66219.45994948088,2158.32380020894,False,0.8403928852828243,34.6927466689133,48906.63107569614,340.7593232494808,1.0,0.965633252962558,False,110579.25,1298.6192626953125,False,111277.37551730873,1826.2405392839737,False,113652.4605548978,3704.3311853506993,False,False,1.4423663273317242,59.54316186416801,False,False
VIDEO J022631.54-042035.31,36.6315007244,-4.34314385836,2025110900321,-1,y,20251109,y_10,0.1776245462214405,36.6315053077709,-4.343192986394373,746045070871364181,0,3869.479650925631,2464.0254313580194,0.06207483,0.045965526,36.6315053077709,-4.343192986394373,3.4175418e-06,2.5921245e-06,116714.69207132664,3976.5615021367385,114306.88589086184,2381.008282859867,False,116613.84986288546,3153.24934121571,False,120139.00389249108,4477.567607512528,False,113941.9899867227,6547.491057883788,False,101852.47660145086,9157.746553668638,False,-4.987316496017401,145.31119622263077,84391.43449939806,1188.7145483679024,1.0,0.9991769899822204,False,55498.04296875,1500.6722412109375,False,57175.70947265625,2130.93247302439,False,48472.9140625,4358.290308827032,False,False,-2.3735285776104185,69.15548214286937,False,False
VIDEO J022631.54-042035.31,36.6315007244,-4.34314385836,2025110900322,-1,y,20251109,y_10,0.1750320425769715,36.63150537023537,-4.343192257177626,746045071010824214,0,3018.2466613552388,112.31964796510864,0.062930204,0.05037525,36.63150537023537,-4.343192257177626,3.4829143e-06,2.8139086e-06,115756.2113787598,4072.8018999393416,112074.94897074364,2437.0971010885623,False,115071.96843023962,3228.71948235546,False,122679.8759322556,4587.355007761375,False,111298.0448289054,6720.840174114914,False,104165.75894515,9391.932732468376,False,-5.706956632696649,154.25005728073532,85216.48585928309,1272.2132105333856,1.0,0.9960738941709996,False,54467.72265625,1528.2696533203125,False,58068.8203125,2171.3609638995717,False,49305.41943359375,4445.541292607386,False,False,-2.7013088880061336,73.01212844699985,False,False
VIDEO J022631.54-042035.31,36.6315007244,-4.34314385836,2025111100195,-1,g,20251111,g_6,0.1409997336336715,36.63150757377719,-4.343182424887802,746053850056622817,0,2402.751667459437,1649.1884557260953,0.09245471,0.09108526,36.63150757377719,-4.343182424887802,5.1352495e-06,5.063046e-06,9209.961264528,376.2203753199461,8909.5202636128,228.67172043217417,False,9797.129912347742,301.0675277439558,False,10561.68563284741,424.9520665120734,False,11621.074219451277,620.5634190051153,False,13423.187920862423,866.3050290977603,False,1.034794750005615,13.69473871378929,7516.599931520756,145.04114084942404,1.0,0.8683746286753068,False,21353.57421875,656.1990966796875,False,23019.980346679688,926.214674385412,False,29256.83767437935,1888.176323108739,False,False,2.255412216956366,29.8487028494666,False,False
VIDEO J022631.54-042035.31,36.6315007244,-4.34314385836,2025111100213,-1,i,20251111,i_39,0.1832586837164697,36.6315062769304,-4.343194461567228,746053852474641279,746053852474640217,2884.029930609293,3144.50152745688,0.02789952,0.024488883,36.6315062769304,-4.343194461567228,1.4825683e-06,1.4338167e-06,63829.526328882566,793.1882386415518,62665.66441123021,494.5827369218138,False,64770.60081785995,640.354995657186,False,66588.37952670132,894.2971257659592,False,68971.4060158484,1293.7215850818277,False,67590.12803354733,1801.603552382603,False,0.7824166877102722,27.873582163657552,48743.52056950484,305.2316174541917,1.0,0.9775949042554408,False,110569.140625,1093.142578125,False,113672.24955320358,1526.6442399911143,False,115382.3227982521,3075.496506417513,False,False,1.3356544431949915,47.58266848014353,False,False
VIDEO J022631.54-042035.31,36.6315007244,-4.34314385836,2025111100214,-1,i,20251111,i_39,0.1716275296689393,36.63150606033566,-4.343191234844418,746053852630354356,746053852630352644,1294.640605803737,1491.7077024770151,0.02483699,0.022682382,36.63150606033566,-4.343191234844418,1.3428175e-06,1.2988138e-06,63647.44258195538,794.6484824118572,62343.70453536476,495.7820812980714,False,64325.70395771153,641.9936809748361,False,65053.41274589309,895.5220597609801,False,66027.64574909303,1300.3860025578658,False,64068.8624459539,1809.6029610445323,False,0.2432352136533194,28.68638480096656,48610.49638761017,301.6245607278787,1.0,0.9736629998929376,False,109495.921875,1092.8087158203125,False,110734.63579052688,1524.36751500443,False,109058.72342437506,3080.326094488808,False,False,0.4140376601077201,48.830280211278826,False,False
VIDEO J022631.54-042035.31,36.6315007244,-4.34314385836,2025111500095,-1,u,20251115,u_24,0.2130386957132244,36.63145354864566,-4.343179763488941,746071428832952572,0,1060.952561020013,2382.943296648401,0.8652528,0.8317567,36.63145354864566,-4.343179763488941,4.629373e-05,4.7987436e-05,2492.33867709886,698.425290046767,1660.3074640798493,411.15891736580807,False,2742.8305180148577,549.9302584092646,False,3527.825351655342,777.668490076117,False,3623.8054744917695,1142.1446132943024,False,4786.543938193783,1600.014531593441,False,0.8581986868608382,25.014806044937888,1942.8568635563447,364.84899812690486,1.0,0.9999999999999118,False,858.2178344726562,172.07040405273438,False,1103.838758468628,243.3285480481628,False,1497.6854553222656,500.6364765923411,False,False,0.268526040434335,7.827006638812604,False,False
VIDEO J022631.54-042035.31,36.6315007244,-4.34314385836,2025111500096,-1,u,20251115,u_24,0.7268856312964354,36.6316987363049,-4.343101610607059,746071428967694702,0,3658.038063900367,3488.1110375399403,0.56328356,0.59344417,36.6316987363049,-4.343101610607059,3.2913566e-05,3.1346008e-05,939.9269774148764,699.3754083046555,1965.6081801002128,414.6346732342252,False,2406.4476132402347,551.0974820767013,False,4285.323460821853,782.995601283249,False,6357.982891470087,1147.370348315024,False,8253.462802861504,1600.3301321049616,False,1.2515913838204966,25.866443099696856,2311.292743688779,354.9573027584563,0.0,0.8308867622470194,False,764.24853515625,175.0195770263672,False,1360.9488773345947,248.6666395819737,False,2621.1652488708496,508.23876343637176,False,False,0.3974850216710322,8.214760687031147,False,False
VIDEO J022631.54-042035.31,36.6315007244,-4.34314385836,2025111500097,-1,u,20251115,u_24,0.2583915619242515,36.63156007789557,-4.343184467214057,746071429102436680,0,3352.0,3455.0,,,36.63156007789557,-4.343184467214057,,,2057.0497069814305,754.2655811758159,1965.7646138176865,444.037354183272,True,2765.684494097628,592.5782530736246,True,3422.425318147311,839.6011449468945,True,4434.921580506074,1235.8806165127144,True,3818.085068261321,1728.2832332403314,True,-0.0313140850655654,27.977201531632645,2114.5479993186,395.63252626949446,,,True,871.12255859375,186.64756774902344,True,1077.97975730896,264.4537000316865,True,1202.6028423309326,544.3666894499539,True,True,-0.0098631662290307,8.812130028765495,True,False
VIDEO J022631.54-042035.31,36.6315007244,-4.34314385836,2025111800206,-1,u,20251118,u_24,0.2944272488094681,36.63158163131568,-4.343130425022562,746084637833953469,0,3903.0,2078.0,2.941574,1.4204456,36.63158163131568,-4.343130425022562,0.00016325482,7.8919125e-05,1492.3934707354058,887.1944004198147,1997.1030174569944,530.0820845774898,True,1799.300380575994,702.8740566871696,True,2550.8996148440283,997.7736940961,True,4162.239781441377,1469.9869344700433,True,5667.002600720369,2058.271006400878,True,1.3881652936860125,33.4259118628836,2255.487205143712,438.49134833186,,,True,523.103759765625,204.34390258789065,True,741.6133480072021,290.0789531372315,True,1647.546123504639,598.3933053580554,True,True,0.4035760188473082,9.717788290286157,True,False
VIDEO J022631.54-042035.31,36.6315007244,-4.34314385836,2025112200237,-1,u,20251122,u_24,0.3416147853509554,36.63156441030642,-4.343214371102202,746102234230554836,0,3262.2527606149865,2021.9561534752008,0.85601074,0.80840605,36.63156441030642,-4.343214371102202,4.5128716e-05,4.731225e-05,3090.346675655085,836.0300967110351,2558.996438238858,499.6111370058841,False,3262.377260981071,664.4775244481988,False,4200.792995639674,942.9199178199316,False,4695.828555967515,1382.9122598711965,False,9678.685557912018,1935.6960701461885,False,1.9889431871825456,30.672259720388,2109.586157296821,331.6751841312004,1.0,0.9976547016474786,False,927.3892211914062,188.8896484375,False,1194.1507167816162,268.0418904004754,False,2751.339879989624,550.2563092339293,False,False,0.5653927568145457,8.71913968825208,False,False
VIDEO J022631.54-042035.31,36.6315007244,-4.34314385836,2025112200238,-1,u,20251122,u_24,0.0668223446401529,36.63151880360402,-4.343139436152169,746102234346422651,0,767.2313196320165,3262.6240773292675,0.77677304,1.214116,36.63151880360402,-4.343139436152169,6.487723e-05,4.7008107e-05,1292.4722541161038,738.2530310963712,1896.7138870740152,442.6081169945536,False,1852.5404317464847,586.6001085255407,False,2676.681927043283,835.7288683409025,False,3221.188478253894,1225.900329974044,False,5337.456360214293,1717.0201139867036,False,0.933753901360416,26.77531356761897,1665.81635721773,286.8175142376935,1.0,0.520682915372431,False,539.1309204101562,170.7138214111328,False,778.9746265411377,243.2158922314026,False,1553.3198146820068,499.69146073843007,False,False,0.271743380954131,7.79221829688865,False,False
VIDEO J022631.54-042035.31,36.6315007244,-4.34314385836,2025112200239,-1,u,20251122,u_24,0.229292389567813,36.63154026068533,-4.343193883949812,746102234482213255,0,3895.0,3349.0,1.2792308,0.867781,36.63154026068533,-4.343193883949812,5.2746003e-05,6.784053e-05,1986.073921072699,760.2010808787749,1974.2277253655848,455.1392758619197,True,2552.596314701564,607.1678463098358,True,3159.064862756981,859.7097652639354,True,3501.36463184464,1265.09750421011,True,6260.334801876883,1774.7317893756942,True,1.253917821592211,29.038512950817086,2201.3772848132367,296.17769902800245,,,True,732.4985961914062,174.2342071533203,True,906.5321311950684,246.70418607162395,True,1796.479305267334,509.280898372662,True,True,0.3598269882180984,8.332954901428016,True,False
VIDEO J022631.54-042035.31,36.6315007244,-4.34314385836,2025112200243,-1,r,20251122,r_57,0.199663110782431,36.63150843742567,-4.343198784502339,746102235029571950,746102235029569629,2554.231601684409,175.66613437322846,0.049090903,0.041431323,36.63150843742567,-4.343198784502339,2.6739713e-06,2.359417e-06,24741.239468906697,486.51603714892417,24110.61874097609,301.9085727954512,False,25207.026811063926,391.4713796894845,False,26486.26118745661,547.0093881830076,False,26072.76913726718,792.7062351359257,False,25747.247137975533,1103.7026061775848,False,-0.3868017765970727,16.82644371684194,20170.50024959903,201.7473164072493,1.0,0.848987338192325,False,49086.0859375,762.319091796875,False,51577.16150164604,1065.2009869400822,False,50138.06646621227,2149.2594657175678,False,False,-0.7532258916981021,32.76642931743481,False,False
VIDEO J022631.54-042035.31,36.6315007244,-4.34314385836,2025112200244,-1,r,20251122,r_57,0.1548242732172922,36.631509389061215,-4.343185988326966,746102235147012823,746102235147011707,1092.159102105171,3041.010174019214,0.04710957,0.040067982,36.631509389061215,-4.343185988326966,2.5817217e-06,2.2676918e-06,24439.37305029773,465.9834898500827,23458.05477031913,289.4212299498252,False,24502.7541441424,375.4997707204273,False,24966.219844532065,523.2181258330103,False,25945.55171252371,761.2441031260194,False,26503.258015700583,1059.9216672212376,False,0.6613863650023436,16.997587667706405,20385.031244480204,198.837968158634,1.0,0.853991711951003,False,48105.71484375,737.2103881835938,False,49015.62679453101,1027.222565036476,False,52033.25981371012,2080.920747933397,False,False,1.2984852106493956,33.37098762711129,False,False
VIDEO J022631.54-042035.31,36.6315007244,-4.34314385836,2025112200245,-1,z,20251122,z_20,0.1944830063100463,36.631522682609294,-4.343193245534319,746102235299054358,0,818.019457848581,1993.573285209536,0.03345361,0.034895387,36.631522682609294,-4.343193245534319,1.871493e-06,1.9249035e-06,95664.11762350172,1361.1359769853325,93487.0663540403,834.6600946436658,False,98553.95008046528,1088.981200708342,False,103556.90763609392,1528.6902984787987,False,106613.4091746306,2221.370572710031,False,113204.47194081382,3097.648228542444,False,3.2628131332150896,48.87972215068753,75555.84071149844,545.2641857351365,1.0,0.9865996569378576,False,109572.8515625,1210.735595703125,False,115135.16870117188,1699.606713109844,False,125861.38647973536,3443.983211853012,False,False,3.627614507891927,54.3447577216404,False,False
VIDEO J022631.54-042035.31,36.6315007244,-4.34314385836,2025112600190,-1,i,20251126,i_39,0.1764568991647075,36.63150290832032,-4.343192825767701,746119820106796295,746119820106795019,1916.1194682384676,3144.0878394381098,0.015259272,0.019687979,36.63150290832032,-4.343192825767701,1.057019e-06,8.914938e-07,65965.58813929904,676.5275339876623,63174.89492336152,425.79787350348863,False,65892.77365450891,549.9161967635307,False,66772.64701769974,763.6992171292796,False,67083.0242898287,1108.5213398864855,False,70563.50488674236,1542.250507157706,False,1.1107657888342497,25.369207289522663,48045.02837528534,248.3345440334006,1.0,0.9837757034632668,False,143261.203125,1195.6038818359375,False,145174.18552985787,1660.4016283365938,False,153416.10386285186,3353.0939877264614,False,False,2.414978676308845,55.156627306063335,False,False
VIDEO J022631.54-042035.31,36.6315007244,-4.34314385836,2025112600216,-1,i,20251126,i_39,0.1814269375158317,36.63150009480916,-4.3431942508212655,746119823580728032,746119823580725321,3842.736530364395,115.08518204223856,0.015302384,0.01923516,36.63150009480916,-4.3431942508212655,1.0499505e-06,8.732667e-07,65783.45683538285,765.2774356901626,63700.77460603769,480.65600240002544,False,65334.72532593844,620.7795943010779,False,65579.15149347836,864.0937930362237,False,65924.1140214578,1251.965693611648,False,66299.6782352712,1742.498595098229,False,1.0175087027815315,27.926552291308536,46597.0234809469,264.2393931051573,1.0,0.9354192477009,False,112912.5390625,1072.8414306640625,False,113334.9603561163,1493.3410016362534,False,114580.18643569946,3011.414522734188,False,False,1.758475153543521,48.26312364125688,False,False
VIDEO J022631.54-042035.31,36.6315007244,-4.34314385836,2025112600217,-1,i,20251126,i_39,0.1827852403991334,36.631498979100975,-4.343194602204622,746119823715994629,746119823715992947,631.1215933927634,2200.9676716100635,0.015018677,0.018719701,36.631498979100975,-4.343194602204622,1.0188521e-06,8.59868e-07,67287.62565747347,769.9805488780476,64899.54101323637,485.9919920308017,False,66958.82195287618,627.1933470111836,False,67125.2248527477,870.1372137223158,False,66061.99343728741,1262.9682882140933,False,65195.01860687473,1756.513619706187,False,-1.0460146110079176,27.35510178501642,47614.35093656913,267.86248922307675,1.0,0.9562251547428924,False,115457.421875,1081.4725341796875,False,115744.35120337456,1500.381823392565,False,112416.0871996805,3028.7649648664296,False,False,-1.803648073670561,47.16853485637737,False,False
VIDEO J022631.54-042035.31,36.6315007244,-4.34314385836,2025112600221,-1,i,20251126,i_39,0.1857909702556762,36.631498476778376,-4.343195418277158,746119824243953036,746119824243951875,2501.2405503719065,3477.419796812228,0.016667211,0.018514968,36.631498476778376,-4.343195418277158,1.0208528e-06,9.3432647e-07,66452.14620787239,766.8054400013925,63925.72844475273,482.8422638998555,False,66306.35765565168,623.5365624193199,False,66860.62109607716,868.1794957808781,False,67905.46620920271,1257.9129876600346,False,68808.59068971299,1751.9667529346173,False,1.4562944687558628,27.123852469417308,47699.72438113469,272.9491285089905,1.0,0.974195426869434,False,114087.5546875,1072.8648681640625,False,115041.22734886408,1493.8005827111606,False,118392.92838329075,3014.456076355948,False,False,2.505718617634349,46.66964241967477,False,False
VIDEO J022631.54-042035.31,36.6315007244,-4.34314385836,2025112600266,-1,i,20251126,i_39,0.1775331624192697,36.63150260391859,-4.343193137503125,746119830286371516,746119830286369841,1777.8387857755574,1839.2537937221405,0.01968493,0.021348659,36.63150260391859,-4.343193137503125,1.142785e-06,1.1390421e-06,65538.64185559438,765.8378397075976,63794.13789662017,480.4822527922885,False,65843.44778731625,619.9362562511997,False,67885.67503884617,863.9545549714974,False,68200.09750306646,1250.3329227260174,False,67996.80810068287,1738.7160917957945,False,0.4603934681108357,26.999298467569588,48628.01720080985,286.1086809886757,1.0,0.9689879670232217,False,112091.5390625,1055.376220703125,False,115568.21598985046,1470.79168848548,False,115757.4083295688,2959.9811260137158,False,False,0.7837714176444865,45.96346364809684,False,False
VIDEO J022631.54-042035.31,36.6315007244,-4.34314385836,2025112600267,-1,i,20251126,i_39,0.1794572044380843,36.63150086712268,-4.343193707380313,746119830425832114,746119830425830418,1344.3999269280266,1788.6580369703338,0.020466257,0.021809775,36.63150086712268,-4.343193707380313,1.174163e-06,1.1756373e-06,64420.78624745562,759.4430135565132,62929.718269947065,477.34765609667846,False,64646.05819028941,616.2251073185346,False,66033.96087078017,859.676132010198,False,66126.44705350252,1244.8017656137254,False,68566.06804347386,1730.843918682611,False,0.4618182501174402,28.10512188115172,48181.057149391,280.2289497306492,1.0,0.9584810465245264,False,110496.359375,1053.2835693359375,False,112868.63384391832,1469.40255118258,False,117196.6413352089,2958.447228102074,False,False,0.7893634470442547,48.03871627434201,False,False
VIDEO J022631.54-042035.31,36.6315007244,-4.34314385836,2025112600268,-1,i,20251126,i_39,0.1744432986689569,36.63150459726492,-4.343192160705719,746119830554283014,746119830554281729,3352.0790351435217,2819.654493595828,0.020882305,0.023751276,36.63150459726492,-4.343192160705719,1.2369113e-06,1.247755e-06,64021.77478770221,762.1219315952956,62942.161145054575,478.4090977669232,False,65056.19340394046,617.2955905779086,False,67054.7029930197,860.1264329028716,False,68155.87887652879,1245.679466459199,False,70802.75422226833,1732.1286860473904,False,1.665157697380452,27.6038058542246,47436.018284505146,281.2667523363239,1.0,0.9661449825557856,False,111083.4765625,1054.032470703125,False,114495.9324945584,1468.666232235556,False,120895.73148516566,2957.610432339327,False,False,2.843257442090428,47.13350966608862,False,False
VIDEO J022631.54-042035.31,36.6315007244,-4.34314385836,2025112600269,-1,i,20251126,i_39,0.1827006718015268,36.6315030711547,-4.343194554570587,746119830690073727,746119830690072703,1398.6266340531256,3465.317500120061,0.019695709,0.020460386,36.6315030711547,-4.343194554570587,1.1119972e-06,1.1181886e-06,65294.28452930279,766.9763239269486,63608.68056640244,481.6096998174229,False,65719.93877610046,621.5147869861148,False,67004.5599183809,865.4729490596336,False,67498.16664699238,1254.4402596011116,False,66499.69824394304,1745.5873233024322,False,0.4553827871572991,27.751820585051167,48243.46785249161,284.2805252662571,1.0,0.9635799133837074,False,111435.28125,1053.845703125,False,113613.49566948414,1467.5032157485796,False,112757.44796568155,2959.832555251556,False,False,0.772150886143804,47.05622052738945,False,False
VIDEO J022631.54-042035.31,36.6315007244,-4.34314385836,2025112700034,-1,i,20251127,i_39,0.1968571702857151,36.63149344886626,-4.343198057540469,746124197203282556,746124197203280703,2264.274662880925,1401.8318739537517,0.018344255,0.013302805,36.63149344886626,-4.343198057540469,7.8618905e-07,9.830795e-07,62950.96224041886,877.0055485029839,63988.28869862456,544.6718407632362,False,64471.711258292,708.2363694426188,False,67016.29524056277,993.070178781776,False,67737.63418985449,1443.4862613507,False,67011.07613257515,2011.0892942334967,False,2.2697184634067407,32.24653378717708,46559.11513056088,276.3615115812268,1.0,0.1114838978962425,False,111551.59375,1225.4195556640625,False,115954.33711004256,1718.250671288903,False,115945.30679577588,3479.669014004275,False,False,3.9271597886159566,55.79427266109957,False,False
VIDEO J022631.54-042035.31,36.6315007244,-4.34314385836,2025112700035,-1,i,20251127,i_39,0.1910617516750464,36.6314936647662,-4.343196462160387,746124197341694824,746124197341693636,1960.518106570745,3072.897105748913,0.021025218,0.013833462,36.6314936647662,-4.343196462160387,8.2988066e-07,1.1235875e-06,64147.94737624528,888.2507080134529,62734.118146644825,551.3493244021055,False,63638.15301864299,717.4837018550987,False,63131.94279433891,1006.177492876672,False,63902.38873801741,1461.1651350133102,False,62708.1282005025,2038.248060881902,False,0.2950781976154148,32.41125551510348,46287.734425840266,283.3213236106428,1.0,0.1543337569571427,False,109493.1953125,1234.4730224609375,False,108622.23076796532,1731.1877155566176,False,107893.03276491164,3506.925993909454,False,False,0.5076994411591432,55.765476559304496,False,False
VIDEO J022631.54-042035.31,36.6315007244,-4.34314385836,2025112800037,-1,i,20251128,i_39,0.1746423625075501,36.63150117760878,-4.343192368022465,746128595650874007,746128595650872902,1788.9198798719628,2999.330774925287,0.024036026,0.019529317,36.63150117760878,-4.343192368022465,1.1730023e-06,1.2587483e-06,65577.40685763718,861.053742250291,62653.814285320914,532.4766987409056,False,65641.18385560733,693.0381648489306,False,66601.71018563239,970.2524863109596,False,66790.3951645673,1408.773775782158,False,65776.43501831613,1961.928480250299,False,-0.3110994307564494,31.50333678384598,47943.02931605485,309.67656420733204,1.0,0.9917874520678304,False,112033.484375,1182.8470458984375,False,113672.8684516698,1655.9842522650993,False,112264.32510842384,3348.533204710217,False,False,-0.5309708199564525,53.76850906737377,False,False
VIDEO J022631.54-042035.31,36.6315007244,-4.34314385836,2025112800038,-1,i,20251128,i_39,0.172515032371448,36.63150756731686,-4.343191290945465,746128595788237311,746128595788235793,3473.4524140719764,1941.9510949374048,0.025350468,0.02063475,36.63150756731686,-4.343191290945465,1.2297044e-06,1.3348765e-06,64586.83601992708,867.1237799397926,62461.73700427794,535.8393013778227,False,64855.50323593997,696.9144056863995,False,65670.51064659774,976.3434526008714,False,68955.01823553522,1417.3202237828923,False,70759.0248439892,1974.3942971266276,False,1.976278592644976,31.400547994305263,49124.24378664161,319.3713789665139,1.0,0.9857303431878712,False,109934.8359375,1181.321044921875,False,111316.33328942956,1654.9737790154004,False,119941.7381594032,3346.743179848916,False,False,3.349937198988878,53.22623246855935,False,False
VIDEO J022631.54-042035.31,36.6315007244,-4.34314385836,2025112800152,-1,i,20251128,i_39,0.1800191060830128,36.63150013133859,-4.343193860170448,746128611106360194,746128611106359144,3260.6994362942028,3254.195330223692,0.022002656,0.020884067,36.63150013133859,-4.343193860170448,1.157885e-06,1.2209416e-06,64531.47531327151,871.0581545069331,62799.51040504835,540.8613167944005,False,64453.98205243493,702.6711855233558,False,65892.31309069374,982.9965609580116,False,65572.7292275932,1428.0801730927026,False,66256.45177458701,1988.9800303230013,False,0.4275232241296133,33.27518115260101,48008.99654145843,309.3177025588455,1.0,0.9613799701536344,False,110103.1640625,1200.334228515625,False,112560.18523076177,1679.198525484191,False,113182.22315576673,3397.6643121527136,False,False,0.7303142209053554,56.84214711006874,False,False
VIDEO J022631.54-042035.31,36.6315007244,-4.34314385836,2025112800220,-1,i,20251128,i_39,0.1958872462715456,36.6314925419215,-4.343197656306831,746128620144036504,746128620144034468,835.3246837173784,1219.3324698191375,0.020394115,0.015037768,36.6314925419215,-4.343197656306831,8.4611395e-07,1.1235871e-06,65805.12823617102,878.5808153680874,62981.8965661467,545.3707686260005,False,65353.781157897945,709.6579333294891,False,66372.8583552631,995.021062210376,False,66853.74733192682,1446.1283955856277,False,65548.55769629193,2014.744629084223,False,0.7700040769355997,31.98853006860688,46978.20626751932,292.11644818009813,1.0,0.0812252460577743,False,111859.9921875,1214.655517578125,False,113604.25189697742,1703.0850590930154,False,112193.3730826378,3448.45109917459,False,False,1.317944402057757,54.75179339537798,False,False
VIDEO J022631.54-042035.31,36.6315007244,-4.34314385836,2025112900036,-1,z,20251129,z_20,0.19224523243041,36.63150336861987,-4.343197194683749,746132993543768159,746132993543767293,3710.946247529266,2977.120143773749,0.027657285,0.020150889,36.63150336861987,-4.343197194683749,1.4431447e-06,1.2347715e-06,98195.50687472928,1649.709723337632,95590.1262760181,1010.7496525238928,False,98345.9813048596,1327.936738871328,False,99701.00123543038,1869.803099969621,False,100767.82411401311,2735.1457939601123,False,100797.4035975314,3816.3650121573855,False,2.034173841413744,60.79349669593783,72486.20903208315,523.5461942146907,1.0,0.996071280016821,False,118093.1484375,1594.576904296875,False,119720.24664399028,2245.2461412645343,False,121036.798730582,4582.663713276851,False,False,2.442621347760985,73.00039446546555,False,False
VIDEO J022631.54-042035.31,36.6315007244,-4.34314385836,2025112900037,-1,z,20251129,z_20,0.2030754289429732,36.63150153765525,-4.343200262372383,746132993675888692,746132993675887874,1225.3818935034906,2852.8249043511964,0.025742136,0.020771293,36.63150153765525,-4.343200262372383,1.36109e-06,1.2341951e-06,98749.534825193,1648.7818166793677,95237.5622660723,1006.896094393765,False,98746.32018816574,1323.5628351718428,False,98422.98344987478,1868.3838444045923,False,104677.14841699244,2726.4032659775426,False,100667.3690340522,3806.788329066518,False,3.5234595876000614,60.31339642810352,71490.34144647807,515.5524171645244,1.0,0.9964669555445173,False,117593.8671875,1576.1890869140625,False,117208.81570014358,2224.9991821013245,False,119881.58345291018,4533.383728387505,False,False,4.195976498113814,71.82531476290335,False,False
VIDEO J022631.54-042035.31,36.6315007244,-4.34314385836,2025112900044,-1,z,20251129,z_20,0.2372245193001114,36.6315578317731,-4.343177020002259,746132994619082636,746132994619081683,1106.4982212430623,2270.3447058942734,0.062965274,0.037015457,36.6315578317731,-4.343177020002259,3.1459413e-06,2.5587694e-06,101564.42951499032,1556.017504601798,96940.00685401924,950.8827131294428,False,101379.21130047031,1247.102249842678,False,101062.54145187688,1758.6660470587565,False,102636.03396048315,2566.017259473342,False,101726.62674283884,3578.3704840675123,False,0.4060984719261867,57.39474132273144,73257.3284519993,558.656447672268,1.0,0.9953725679353272,False,120651.3203125,1484.1754150390625,False,120274.4517726302,2092.987091185033,False,121064.7791595459,4258.615922651415,False,False,0.4832974747610395,68.30543689137801,False,False
VIDEO J022631.54-042035.31,36.6315007244,-4.34314385836,2025121400758,-1,i,20251214,i_39,0.2063757298859549,36.63155314893547,-4.343167390633099,746199061179663021,0,2640.0131848852147,1269.5879324286143,0.03777256,0.0537117,36.63155314893547,-4.343167390633099,2.4809567e-06,2.6706266e-06,65142.48710812352,698.015698226572,61886.78098548905,439.1052782115874,False,66258.13584690058,563.9156672735986,False,69471.20944502887,781.3140393383118,False,71152.42664014625,1125.2458586930038,False,70909.51700300889,1563.197762814617,False,0.8718023041220697,24.522444069465852,52361.68353030952,319.4122257882172,1.0,0.9617681080933403,False,109896.3203125,935.3154296875,False,115225.55212402344,1295.894260143041,False,117611.14154756068,2592.7334033514694,False,False,1.4459788830212947,40.673138986741485,False,False
VIDEO J022631.54-042035.31,36.6315007244,-4.34314385836,2025121400759,-1,i,20251214,i_39,0.1994332567211107,36.63154452180902,-4.343177942673179,746199061309687286,0,2647.51850457737,2761.571906148608,0.035656884,0.054979436,36.63154452180902,-4.343177942673179,2.3976206e-06,2.7340761e-06,63771.373320026665,699.9433761879253,62205.56054632804,441.96139921017,False,65328.256551021565,566.7793906165001,False,68882.82897602284,785.2248849003428,False,71072.52262049676,1136.446943106283,False,71903.68120797643,1574.6982390871756,False,1.1150861733349164,24.376483131485116,51777.08249826911,313.8482782406785,1.0,0.96493495133089,False,107702.15625,934.4097900390624,False,113562.33276367188,1294.545694463394,False,118542.60188871622,2596.095544970038,False,False,1.838365075286151,40.187813568884295,False,False
VIDEO J022631.54-042035.31,36.6315007244,-4.34314385836,2025121400760,-1,i,20251214,i_39,0.1660924834401968,36.63152202750387,-4.34318481424907,746199061426602692,0,1187.713773704752,1409.3279991622276,0.025729988,0.030708564,36.63152202750387,-4.34318481424907,1.5156417e-06,1.629352e-06,64882.85138505671,695.4676575033433,61368.75509889048,437.8549140583656,False,66322.23736842867,562.4246880264077,False,70043.3210205933,778.7305660402817,False,71391.95304174176,1123.710123200002,False,71526.91449878723,1560.0374262773985,False,0.2486443645118274,24.41904755913089,51749.87869711233,313.54728074747794,1.0,0.9837808250730038,False,109908.0,932.0399169921876,False,116074.51184082033,1290.498065933735,False,118533.09584629536,2585.2655195392517,False,False,0.4120488979127061,40.46679945701816,False,False
VIDEO J022631.54-042035.31,36.6315007244,-4.34314385836,2025121400772,-1,i,20251214,i_39,0.169496649791337,36.6315112198342,-4.343189762937597,746199063063431806,746199063063429340,153.84458864473754,414.88915623829297,0.021672154,0.029516047,36.6315112198342,-4.343189762937597,1.5818318e-06,1.2769192e-06,64536.679191829295,691.9786765066402,62134.685601334255,438.0046745322752,False,65261.66950958215,562.0852909401075,False,67211.00397641557,777.1822626193666,False,67699.7075127012,1122.6625539200784,False,68471.92222617388,1558.574336094948,False,0.7270515599736942,24.615661009390134,50853.95080505464,299.2075705421885,1.0,0.9833225161582664,False,109061.0,939.3198852539062,False,112318.59925979376,1298.775765016028,False,114425.7627183795,2604.586688421962,False,False,1.2150006393975064,41.13607000125741,False,False
VIDEO J022631.54-042035.31,36.6315007244,-4.34314385836,2025121400773,-1,i,20251214,i_39,0.2083616587619384,36.63155140091993,-4.343172080850205,746199063195027957,746199063195026265,1909.5034596113271,1549.7341121252637,0.028753195,0.05156676,36.63155140091993,-4.343172080850205,2.6684743e-06,1.9002574e-06,64900.43046294126,700.6469656865595,61905.46670225832,441.4531359298004,False,64572.75903865709,566.4965370518028,False,65407.30695894082,784.6399934948224,False,66631.81660849215,1134.433632496476,False,66852.44341217309,1574.4475132954533,False,0.6911715490911962,25.235760666390284,49958.43831726155,301.65553257023925,1.0,0.977147460975895,False,107262.03125,941.0093383789062,False,108648.30165934564,1303.368181183911,False,111048.8227725029,2615.3201580171144,False,False,1.1481074279844277,41.91920849464402,False,False
VIDEO J022631.54-042035.31,36.6315007244,-4.34314385836,2025121400774,-1,i,20251214,i_39,0.2132753624427758,36.63155196264699,-4.343173849192939,746199063311418439,0,146.88196496179722,2099.577944771369,0.03126762,0.05296014,36.63155196264699,-4.343173849192939,2.7141014e-06,2.07387e-06,65509.79160308676,697.7995539801086,62342.31616378152,439.2473923757182,False,66560.33059882568,563.6444342792433,False,70424.99579497411,780.1349591396857,False,70285.9870666559,1124.84551390985,False,68384.27297501036,1562.0491206360998,False,-0.7253150046474097,24.6372484868133,51562.464132715606,311.7324083637043,1.0,0.978141065376108,False,110600.3984375,936.5833740234376,False,117022.14404296876,1296.3162373083874,False,113631.16393578053,2595.5888975759867,False,False,-1.205224309810084,40.93864129775401,False,False
VIDEO J022631.54-042035.31,36.6315007244,-4.34314385836,2025121400775,-1,i,20251214,i_39,0.2071518918675165,36.63155140096379,-4.343171385036446,746199063463985485,0,1031.373863179433,627.4325902817933,0.031938758,0.052169487,36.63155140096379,-4.343171385036446,2.6311723e-06,2.1443068e-06,63642.91689773597,707.3194392791651,62453.15648930438,445.6009005422573,False,66546.17443653273,571.9492371315819,False,70889.49705888404,793.5609810759038,False,75303.71177213345,1145.979417402745,False,76072.03464673321,1589.138035363925,False,1.8499033333612227,25.292707687834216,50427.19721898715,308.20190719433987,1.0,0.9741264405585705,False,110394.953125,948.8195190429688,False,117600.18920898438,1316.4562508586469,False,126197.61797064544,2636.257011144512,False,False,3.0688464588894546,41.95864455387719,False,False
VIDEO J022631.54-042035.31,36.6315007244,-4.34314385836,2025121400779,-1,i,20251214,i_39,0.2109817580171872,36.63155148232746,-4.343173406230838,746199064002953312,0,704.8477125490953,201.30450950333756,0.032451432,0.05346207,36.63155148232746,-4.343173406230838,2.8452134e-06,1.989546e-06,65829.83293539118,703.5866088771343,62513.39611102039,442.45755441013887,False,66705.53536513184,568.2125321946303,False,69926.97487520333,786.4893053340359,False,69924.03484034348,1135.6269788667942,False,67479.1590805856,1575.6099763149728,False,-0.6649604351728403,24.933585445418267,50004.71742363675,307.08775769007667,1.0,0.977830984270196,False,110690.4453125,942.8857421875,False,116036.0672607422,1305.0918632825988,False,111974.18815481664,2614.55018631462,False,False,-1.1034281680160232,41.3745225352508,False,False
VIDEO J022631.54-042035.31,36.6315007244,-4.34314385836,2025121400780,-1,i,20251214,i_39,0.218418086178251,36.63155396228098,-4.343173235845346,746199064134550317,0,2623.930979680907,1532.426106981925,0.034513783,0.05244488,36.63155396228098,-4.343173235845346,2.7681265e-06,2.1147819e-06,64688.43915953519,719.0190765681778,62580.72640010647,450.8823484849648,False,67077.0395016246,579.678497884843,False,71339.34871116278,803.2834101954102,False,74507.99553704236,1159.4668557058512,False,77831.46227001406,1610.9670177173127,False,1.9875411965743843,24.70916534386338,51583.5043688708,321.19688631448264,1.0,0.97631446597437,False,110420.3203125,954.2503051757812,False,117436.81286621094,1322.3423710187185,False,128123.94610881804,2651.928222099161,False,False,3.271833956755316,40.67552730704277,False,False
VIDEO J022631.54-042035.31,36.6315007244,-4.34314385836,2025121400781,-1,i,20251214,i_39,0.2097200394173897,36.63154898462839,-4.343176691552297,746199064250942682,0,635.4895030837989,2257.4040925534955,0.028555809,0.048680823,36.63154898462839,-4.343176691552297,2.5156755e-06,1.869824e-06,63909.767740183015,698.655577809875,62747.76129547752,441.757742779417,False,65707.59532693084,566.4979427202791,False,69511.944526585,785.1070210234137,False,71044.89811293504,1135.3789231945884,False,70383.44019699514,1574.1686239574622,False,1.117438533010428,24.865140857355215,49576.34654352317,297.3118473269493,1.0,0.9862908448784228,False,109771.7265625,946.3967895507812,False,116127.30810546876,1311.6071712147775,False,117583.23696660995,2629.820904152037,False,False,1.8668033198552807,41.53993810838697,False,False
VIDEO J022631.54-042035.31,36.6315007244,-4.34314385836,2025121600056,-1,i,20251216,i_39,0.1898361639027742,36.631537862791625,-4.343181399564217,746207763052366743,746207763052365490,2999.191778035325,2808.029666141203,0.030304665,0.0525731,36.631537862791625,-4.343181399564217,2.4787144e-06,2.2806566e-06,65238.7553814299,751.9293157520091,63087.444825113256,471.6020794455066,False,66508.33224902157,607.946430004282,False,68502.956957054,843.028540945252,False,71683.69254882148,1222.4821298515676,False,77315.72219329124,1698.6179997756203,False,3.2138255159294884,27.462569784601275,49308.45714865159,305.5930139334401,1.0,0.9819493525308348,False,109413.640625,1000.1398315429688,False,112695.02122208476,1386.8761807203316,False,127193.00509664416,2794.416475378395,False,False,5.287102204198442,45.17899696839192,False,False
VIDEO J022631.54-042035.31,36.6315007244,-4.34314385836,2025121600057,-1,i,20251216,i_39,0.1726638011053786,36.631505349649885,-4.343191598272166,746207763182388080,0,2829.422186450064,1546.4357033663548,0.02282286,0.025738839,36.631505349649885,-4.343191598272166,1.3550666e-06,1.3457209e-06,66060.41662333373,763.6345731476671,63621.58000542043,478.3319707293321,False,68628.95390313206,617.3720965243909,False,73088.11381486263,859.3115500531383,False,76235.38972608278,1244.0032026750744,False,77157.32579761338,1725.8239417128837,False,2.4909700490640216,27.34593894029847,50550.77969801152,313.7336413467868,1.0,0.987227372087002,False,112400.1953125,1011.1292724609376,False,119703.3875732422,1407.3766328507577,False,126367.92485111952,2826.546772041994,False,False,4.079699661859568,44.78705711049708,False,False
VIDEO J022631.54-042035.31,36.6315007244,-4.34314385836,2025121600058,-1,i,20251216,i_39,0.1583428008933471,36.6315082787627,-4.343187192652945,746207763320277358,746207763320275569,328.2349999795042,1236.1068854895748,0.023523124,0.029452462,36.6315082787627,-4.343187192652945,1.4722738e-06,1.4869756e-06,64157.20260167925,760.4044702577304,61665.51767037936,474.74234772318295,False,64501.16235485992,612.6748958894384,False,66119.92009030325,851.9036295487577,False,65804.84730055243,1233.6998228722678,False,68114.96139674298,1715.3049768175504,False,0.5266707013658889,26.77883223861843,49252.9807700606,313.2484778314999,1.0,0.9869182087844226,False,105853.9609375,1005.4712524414062,False,108510.53194861114,1398.0736196449975,False,111784.62836502492,2815.0163405274443,False,False,0.8643282975676478,43.94719968213102,False,False
VIDEO J022631.54-042035.31,36.6315007244,-4.34314385836,2025121600080,-1,i,20251216,i_39,0.1857042209690096,36.63150896126731,-4.343194784820288,746207766245280605,746207766245279680,2143.9008044481056,3528.614069145591,0.030131599,0.024240304,36.63150896126731,-4.343194784820288,1.6714895e-06,1.3459268e-06,65512.732184181645,806.2291460312483,62498.302689119686,501.5052202104554,False,66398.54107275726,648.838691342603,False,69033.80648178006,904.2605648294856,False,69399.25922309235,1308.8334733605463,False,68964.36087899406,1820.5842051237416,False,0.5855250357608022,28.78824677641181,50172.88033517,329.56415195450035,1.0,0.977717094536906,False,107081.71875,1046.389892578125,False,111331.6426911205,1458.3117929305758,False,111219.64693962038,2936.077851471644,False,False,0.9442832054354696,46.42714877182937,False,False
VIDEO J022631.54-042035.31,36.6315007244,-4.34314385836,2025121600082,-1,i,20251216,i_39,0.1954367699475039,36.63154182462978,-4.3431794623612765,746207766519481793,0,1402.8026579073576,2736.598098366737,0.04971567,0.034056604,36.63154182462978,-4.3431794623612765,2.7541796e-06,1.901009e-06,64590.7154590093,791.2058343705804,62377.98548939036,491.9969557060263,False,66255.0047457477,636.009119576307,False,69842.46570260703,885.0718602392656,False,71714.3634083225,1282.2390232471332,False,73335.90396625943,1785.4398574178992,False,1.4999083543131102,28.315185596356944,49759.52917732398,328.72912798297284,1.0,0.9888433856057136,False,107267.7265625,1029.7071533203125,False,113075.87316894533,1432.9430154995507,False,118731.79579496384,2890.6506784543567,False,False,2.428371408872237,45.84265894738151,False,False
VIDEO J022631.54-042035.31,36.6315007244,-4.34314385836,2025121600083,-1,i,20251216,i_39,0.1736362061264202,36.63150536237026,-4.343191868414995,746207766628010728,746207766628009780,1758.8097333698065,3378.88853697236,0.026517456,0.022124931,36.63150536237026,-4.343191868414995,1.4673155e-06,1.2347882e-06,64586.91711811264,797.3119787141734,61678.62967734221,494.9676496430048,False,65858.26468079448,640.9925632853477,False,68573.5100746249,892.6792491063763,False,70614.26274009873,1293.4328985552838,False,73409.49320413901,1798.511008347482,False,2.685201234220191,28.91700712241521,50197.80176568359,325.0169290723233,1.0,0.9938673304850189,False,106589.0625,1037.4217529296875,False,110983.58249515296,1444.7669512191096,False,118810.43475946784,2910.820733052075,False,False,4.345894681048865,46.80106125515479,False,False
VIDEO J022631.54-042035.31,36.6315007244,-4.34314385836,2025121600084,-1,i,20251216,i_39,0.195505218892154,36.63154105946092,-4.343180350332816,746207766782675324,746207766782673047,3031.751037244725,379.2753938308602,0.046933867,0.027905608,36.63154105946092,-4.343180350332816,2.573005e-06,1.6043733e-06,66129.24087050196,800.8248577285942,62447.67602682413,498.3555039802447,False,65855.11987068824,645.0034504045814,False,67163.89724730213,899.4696624601225,False,66908.81636055096,1302.971364097522,False,69423.56013068331,1812.496066026524,False,0.8323052627307577,28.41768626656143,48995.57115369125,314.4606465305302,1.0,0.9853125984604686,False,107063.140625,1048.6063232421875,False,109190.86913865805,1462.3015970357685,False,112864.48791763186,2946.642897018373,False,False,1.3531099109931577,46.19969938507685,False,False
VIDEO J022631.54-042035.31,36.6315007244,-4.34314385836,2025121600085,-1,i,20251216,i_39,0.1716400194742931,36.63150824598393,-4.3431909425531,746207766896444593,0,2898.929178571536,2514.3421312449286,0.031662356,0.02354723,36.63150824598393,-4.3431909425531,1.7336811e-06,1.3398685e-06,65866.93966210847,818.670380300167,62307.26301913467,507.06522515235326,False,67306.39624965949,657.3189038184718,False,70475.6504050532,916.7195895605424,False,74653.78163634743,1329.2763279735102,False,78610.39264756357,1848.540814932275,False,3.209516609333891,29.20030523833646,50103.16348107714,331.96433216074377,1.0,0.992545811786692,False,108620.75,1060.7977294921875,False,113735.37182617188,1479.4250607090264,False,126863.4228387475,2983.221519969148,False,False,5.179598383936177,47.12418480187284,False,False
VIDEO J022631.54-042035.31,36.6315007244,-4.34314385836,2025122400052,-1,g,20251224,g_6,0.2004962614404934,36.63151018891806,-4.343198746355896,746242946893349438,0,18.37220355452942,1270.805402176372,0.117197625,0.24968968,36.63151018891806,-4.343198746355896,1.32373925e-05,7.688266e-06,,,8423.305809072759,241.47187209250816,False,9351.56068985103,317.6914111465255,False,10716.244906875045,445.37758880934257,False,,,True,,,True,1.070476110113343,14.70301913696088,6642.51287528765,142.93231884528038,1.0,0.8936394680858998,False,19514.263671875,662.93896484375,False,22362.00305175781,929.3866542513864,True,,,False,False,2.2338039349801453,30.681359157799488,False,False
VIDEO J022631.54-042035.31,36.6315007244,-4.34314385836,2025122400054,-1,g,20251224,g_6,0.1373404752917068,36.63149967551214,-4.3431819941531264,746242947156543779,746242947156542962,2511.7012837976417,3241.067414791717,0.08067678,0.07982939,36.63149967551214,-4.3431819941531264,4.441834e-06,4.4718886e-06,7990.844321323402,390.9205442266176,8329.204658725705,237.24677559203684,False,8701.239302261389,312.6784693208354,False,9829.961853940296,442.0864189859358,False,10451.65517584823,645.0015725433369,False,11270.80055309131,900.2883308730409,False,0.7696070742012264,14.211869881411134,6937.910282783036,139.7688172981723,1.0,0.7226185636717397,False,18140.876953125,651.8912353515625,False,20494.106902668253,921.6888595843154,False,23498.055724510923,1876.9762864075635,False,False,1.6045239936925464,29.629777303733977,False,False
VIDEO J022631.54-042035.31,36.6315007244,-4.34314385836,2025122400055,-1,g,20251224,g_6,0.1488095664498532,36.63149174878601,-4.343184213836729,746242947266644279,746242947266642307,1645.016122672337,800.6500066128694,0.07359664,0.06505066,36.63149174878601,-4.343184213836729,4.0892837e-06,3.6178162e-06,8317.495245758022,361.3871809909015,8306.0510844619,220.0180527705646,False,8639.901438871218,289.3494510610449,False,8714.245091685214,408.7715774906196,False,9701.178783268477,596.1767031112113,False,10189.572206972764,831.9087612745192,False,0.6096152651012764,12.946930046250165,6788.471966328932,124.78078571052136,1.0,0.6851153213608018,False,18401.734375,616.2722778320312,False,18560.075550675392,870.6240507779283,False,21702.3078879118,1771.8447551189906,False,False,1.2983919155453347,27.575079341869,False,False
VIDEO J022631.54-042035.31,36.6315007244,-4.34314385836,2026010100040,-1,i,20260101,i_39,0.1746349776210455,36.63150610764959,-4.343192070177728,746278129621272317,746278129621270828,415.35722768227816,784.9939067057023,0.039545044,0.028925702,36.63150610764959,-4.343192070177728,2.194012e-06,1.6071232e-06,65339.69462162601,1179.274490488085,62864.737303052425,717.5465565880872,False,65783.89227418134,944.6105034019124,False,66875.30904440866,1334.1288964084963,False,66818.46271891025,1947.0719376766835,False,63549.99689652908,2719.3497559344523,False,-1.0651250721830534,42.0094289180751,48472.61202740705,403.1023323417933,1.0,0.9511436927290692,False,113097.5625,1624.0015869140625,False,114973.95764958858,2293.672828231775,False,109256.9852194786,4675.1844311569175,False,False,-1.831193704979644,72.22382027577332,False,False
VIDEO J022631.54-042035.31,36.6315007244,-4.34314385836,2026010100041,-1,i,20260101,i_39,0.1562225347773526,36.63151128992371,-4.343185955258092,746278129759684343,746278129759683209,1478.3291015277905,1763.7839813551298,0.044639654,0.033095382,36.63151128992371,-4.343185955258092,2.479578e-06,1.8393099e-06,65298.86929426339,1183.9743357469863,62564.883233320834,720.0433608129897,False,65558.92218687042,948.0845762804732,False,66009.67954550855,1339.898293545466,False,68805.4056197335,1957.9852508494607,False,71239.39693390067,2735.110811467669,False,1.9738237707276023,43.34839603873159,49384.251597863,432.4067892831233,1.0,0.9214574004672385,False,112742.765625,1630.436767578125,False,113517.94052939862,2304.2453144659494,False,122511.57224475592,4703.61541784864,False,False,3.3944174697363025,74.54695549880721,False,False
VIDEO J022631.54-042035.31,36.6315007244,-4.34314385836,2026010100042,-1,i,20260101,i_39,0.2544260843137798,36.63156648776112,-4.343170217136126,746278129893902012,746278129893900653,1264.5825449635877,1041.062380912468,0.07982806,0.049374066,36.63156648776112,-4.343170217136126,4.426584e-06,2.756583e-06,64527.02130458739,1187.7551020328174,62478.213232184986,721.3175367132067,False,63964.509096719295,949.8358300971616,False,62830.155692385626,1342.2378927552652,False,62726.026932860295,1960.3777561490292,False,64117.21307966117,2737.7016768530525,False,-0.0444471739913697,43.83296150255894,47223.42225361243,427.13191032706624,1.0,0.8979307487944962,False,109854.2421875,1631.271728515625,False,107906.075378036,2305.1928112356795,False,110116.49981383036,4701.797094876248,False,False,-0.076334684423433,75.27982058638896,False,False
VIDEO J022631.54-042035.31,36.6315007244,-4.34314385836,2026010100043,-1,i,20260101,i_39,0.1683477801330931,36.63151001493347,-4.343189694858927,746278130027595419,746278130027594115,2786.095069194787,1268.641393214731,0.036450125,0.032385975,36.63151001493347,-4.343189694858927,2.0207972e-06,1.8033555e-06,63996.97241044168,1181.417747119693,62077.38565878821,717.6534745686623,False,63896.44040834524,945.2345106553156,False,64480.15773053509,1337.048054427086,False,66751.96856098835,1952.765359613181,False,70230.17230182307,2726.359828600225,False,1.6217080892871871,43.053923564116,49819.29685712417,427.831684131837,1.0,0.8812345956274549,False,109836.5390625,1624.8367919921875,False,110839.9359661527,2298.3554313823706,False,120724.08124925569,4686.551017533193,False,False,2.787679607167922,74.00872297615965,False,False
VIDEO J022631.54-042035.31,36.6315007244,-4.34314385836,2026010200044,-1,g,20260102,g_6,0.1267021852145081,36.63148095717366,-4.343173016366195,746282528228245616,0,1045.8018247720074,1058.6971821710129,0.3124748,0.33185938,36.63148095717366,-4.343173016366195,1.7607967e-05,1.818774e-05,7900.500967140938,1357.443560826995,7173.8527345836965,793.3810502811652,False,8131.25981442705,1059.4111268750871,False,8813.681710546478,1511.640826623302,False,9794.05180762408,2221.230362977998,False,12693.1759358525,3108.7102127585413,False,0.8409729152084308,49.191022326777066,6677.933059330696,561.8671174019335,0.0,0.089391681033958,False,16909.7734375,2203.152099609375,False,18328.9384765625,3143.609290619672,False,26396.7373046875,6464.875871672465,False,False,1.74888784613882,102.29768346953452,False,False
VIDEO J022631.54-042035.31,36.6315007244,-4.34314385836,2026010200045,-1,g,20260102,g_6,0.2146987500876699,36.6315381967175,-4.343190340981076,746282528344113448,0,3316.3022799272444,2444.219977738076,0.3531754,0.36790383,36.6315381967175,-4.343190340981076,1.977091e-05,2.0293783e-05,7477.178986641282,1279.2222148733067,7397.563050993677,752.3887269651789,False,7928.833743012848,1004.5256610009558,False,8915.217167059496,1434.2658602113704,False,8700.048484608187,2107.357241008035,False,9519.897578386748,2948.6269028760653,False,0.3526060949057686,47.34945054126367,6810.904799053827,489.752579106689,1.0,0.8182923550022071,False,17101.857421875,2166.68115234375,False,19229.4072265625,3093.596238918893,False,20533.654296875,6359.951351953783,False,False,0.7605430201480275,102.12896100569697,False,False
VIDEO J022631.54-042035.31,36.6315007244,-4.34314385836,2026010200051,-1,i,20260102,i_39,0.1726408087078128,36.63152024956188,-4.343187684280228,746282529166721095,0,891.1218645317143,177.920541400367,0.041993495,0.04527865,36.63152024956188,-4.343187684280228,2.3676353e-06,2.4769802e-06,65844.02077437285,1172.6789086435344,62177.65061049437,709.202303525107,False,67476.41625195224,933.7104730563508,False,71808.09152619145,1314.2896124504978,False,73807.81227286028,1924.5744977206643,False,79653.21248234743,2686.3978015600323,False,2.058518997574408,43.46222040366827,54784.30666692467,495.72875848902464,1.0,0.9832545465562904,False,113041.3671875,1564.21923828125,False,120298.1025390625,2201.7929066799743,False,133440.81591796875,4500.447669952454,False,False,3.4485797378209244,72.81105145077966,False,False
VIDEO J022631.54-042035.31,36.6315007244,-4.34314385836,2026010400105,-1,i,20260104,i_39,0.1844218734587215,36.631501191192086,-4.343195084543633,746291332490725511,746291332490723944,2299.4258864846856,1372.2811375482386,0.0260706,0.021440743,36.631501191192086,-4.343195084543633,1.435611e-06,1.2061839e-06,64797.86075922418,920.862114735176,62811.55407098261,569.1813413662727,False,65019.6559394873,742.8414967074503,False,66231.83864655955,1044.3744759282106,False,65995.89107956536,1519.7051252623703,False,64603.81255490032,2117.6919771258063,False,0.0657922043508139,34.13794348220079,47659.922150391554,321.960841435547,1.0,0.9422584766616282,False,112672.625,1287.270751953125,False,114773.21759176254,1809.7975448431555,False,111952.00959450006,3669.750486318646,False,False,0.1140113748931825,59.15767545465012,False,False
VIDEO J022631.54-042035.31,36.6315007244,-4.34314385836,2026010400106,-1,i,20260104,i_39,0.1831481741932881,36.631499149259305,-4.343194708602692,746291332622321868,746291332622320099,2951.581204882564,1059.2415361572746,0.022021893,0.020910561,36.631499149259305,-4.343194708602692,1.2199565e-06,1.1630387e-06,64115.90789144602,931.35135395653,62286.415881619,575.7055505202239,False,64377.97243308573,751.2257975181666,False,65710.65991936845,1055.0139144695734,False,65951.09911914988,1535.4455522105045,False,64385.24353185056,2142.381685798725,False,-0.001949635513575,33.17559925200014,47431.69781612,322.6846904887477,1.0,0.926041089662822,False,110982.1015625,1295.048828125,False,113279.54045912623,1818.7534801164084,False,110994.63631299138,3693.282233858597,False,False,-0.0033610043684171,57.19188701398187,False,False
VIDEO J022631.54-042035.31,36.6315007244,-4.34314385836,2026010400113,-1,g,20260104,g_6,0.1407405277689254,36.63148811916227,-4.343180877358903,746291333574951490,0,1541.8111511978082,2384.811298872733,0.14101428,0.12912582,36.63148811916227,-4.343180877358903,7.1729423e-06,7.837744e-06,8573.688852738262,720.4369212215048,7795.256977674555,430.0460140373568,False,8800.928595419147,572.9544513258116,False,9307.325092173824,816.2105126899995,False,10455.092264788438,1198.9534304676813,False,10697.661691587502,1675.851142877253,False,0.3140623273359379,26.93767968837866,6907.1393139469865,231.94450952440863,1.0,0.6071424924789063,False,19411.482421875,1263.7183837890625,False,20528.3994140625,1800.2482178844375,False,23594.9501953125,3696.2866644064216,False,False,0.692701375810261,59.414218634750576,False,False
VIDEO J022631.54-042035.31,36.6315007244,-4.34314385836,2026010400114,-1,g,20260104,g_6,0.2427635020710406,36.63149639664814,-4.343211154449201,746291333720703581,0,3401.0,2725.0,0.23310407,0.3299609,36.63149639664814,-4.343211154449201,1.8309534e-05,1.2966065e-05,8993.041163950664,757.0559324926814,8778.054122591378,454.8453377741805,True,9677.868953434678,605.645354541538,True,10159.601562076286,858.6646064325596,True,11375.323761082647,1264.7162021510132,True,10363.431102710354,1771.084701143444,True,-0.0590825642506941,27.973581978621937,7001.931963416658,276.71171757271554,,,True,20771.9765625,1299.9195556640625,True,21805.9375,1842.984355924282,True,22243.424560546875,3801.3461516543407,True,True,-0.1268111446613734,60.04075814881608,True,False
VIDEO J022631.54-042035.31,36.6315007244,-4.34314385836,2026010400129,-1,y,20260104,y_10,0.1854454001352531,36.63149848415132,-4.343195322514281,746291335711424611,0,3557.975085613905,578.4297627224705,0.03767117,0.050620876,36.63149848415132,-4.343195322514281,2.1278186e-06,2.7843776e-06,117261.62875929724,3991.1482504302585,117630.1071581538,2385.8907644348496,False,123019.61482853787,3159.533319287341,False,130822.85913919672,4486.199004889108,False,139038.37679383715,6563.33766534902,False,145495.99532321992,9177.103323858835,False,10.207885503923055,144.1749592808631,85829.34314136989,1195.764894175702,1.0,0.9998231987846588,False,60386.62109375,1550.919677734375,False,64216.99853515625,2202.1398769373523,False,71419.59883785248,4504.763422714772,False,False,5.010743327012831,70.77114206084035,False,False
VIDEO J022631.54-042035.31,36.6315007244,-4.34314385836,2026010400130,-1,y,20260104,y_10,0.1743031297139806,36.63151438560747,-4.343190320167184,746291335819952868,0,1970.8195321145288,3492.4597608890845,0.051732887,0.06799111,36.63151438560747,-4.343190320167184,2.8970956e-06,3.7561688e-06,129708.42293740572,4114.047680620512,117851.87810974328,2436.178643667745,False,128144.88728578562,3232.295126110206,False,129672.41822305755,4591.169784065779,False,132169.55054999047,6719.555330147622,False,127276.35998478466,9405.698546572316,False,-2.3892605707281747,148.31316259133973,88659.81153530354,1368.8829344532687,1.0,0.9996352177974084,False,56271.7734375,1419.3853759765625,False,56942.55224609375,2016.102798747422,False,55890.38037109375,4130.288370021063,False,False,-1.049186841292585,65.12819090882861,False,False
VIDEO J022631.54-042035.31,36.6315007244,-4.34314385836,2026010500044,-1,r,20260105,r_57,0.1759620089829531,36.63149476220498,-4.343192373798901,746295722349430467,746295722349429457,560.9920421955121,1994.9013163550444,0.05471781,0.048640434,36.63149476220498,-4.343192373798901,3.001679e-06,2.7428916e-06,25227.834483818995,876.2838968143583,24260.1183443409,531.0494467783699,False,25203.728247387484,703.1584361532338,False,25367.77079037844,993.0175537664217,False,26482.296899449717,1458.0528139951036,False,26357.494356975832,2038.426336603036,False,0.2755051728911271,32.410650561373714,19558.662837036263,273.357449301839,1.0,0.5613626971029904,False,51262.5625,1430.1734619140625,False,51596.21318176389,2019.725967281244,False,53609.23941710591,4146.011909670177,False,False,0.5603576187530371,65.92092184775478,False,False
VIDEO J022631.54-042035.31,36.6315007244,-4.34314385836,2026010500045,-1,r,20260105,r_57,0.1810998644939967,36.63149195709093,-4.343193398447323,746295722482075539,746295722482074780,2680.482915789403,3036.6614556291083,0.062416647,0.04812211,36.63149195709093,-4.343193398447323,3.4082855e-06,2.7486185e-06,25474.457677181344,875.838286957331,24185.235555932428,528.3326013969676,False,25201.40574334688,700.3293924708054,False,25210.475252222222,995.7237350388564,False,25880.7872998855,1458.4205192741194,False,26575.69528340806,2037.6808841145385,False,-0.0260829664701748,32.31547428898021,18988.92105992353,268.23238636301585,1.0,0.7041041887427497,False,51279.91796875,1425.032958984375,False,51298.372640520334,2026.1025108017964,False,54076.32764515281,4146.280951469114,False,False,-0.053073721148485,65.75565218609424,False,False
VIDEO J022631.54-042035.31,36.6315007244,-4.34314385836,2026010500052,-1,y,20260105,y_10,0.1820515018364366,36.63150812843867,-4.343193886407227,746295723425793019,0,3704.128006455741,3944.3493514967754,0.048149046,0.053990945,36.63150812843867,-4.343193886407227,2.9165276e-06,2.7631836e-06,120376.20790773245,3575.9063675838624,114441.71668469488,2136.0130595641795,False,121555.79617114238,2823.111684109341,False,126535.18732451604,3999.9854369553855,False,129471.70497762268,5849.158666552243,False,125577.20525311308,8167.476976136303,False,1.759271465012559,130.79522996004806,89775.0257063891,1210.412224207596,1.0,0.998072237381544,False,55674.91796875,1293.0400390625,False,57955.575927734375,1832.0710989802635,False,57516.80151367188,3740.8632494811086,False,False,0.8057805352320152,59.906758279768766,False,False
VIDEO J022631.54-042035.31,36.6315007244,-4.34314385836,2026010500053,-1,y,20260105,y_10,0.1624622608721093,36.63151115034029,-4.343187773006508,746295723564204286,0,140.94092862290705,1023.8170937797432,0.04937216,0.06606737,36.63151115034029,-4.343187773006508,3.4113339e-06,3.0575568e-06,118053.03889244048,3581.9443835050915,112742.1149653714,2139.345134538028,False,118964.98990717494,2827.7217462728568,False,123389.1328668856,4000.82839050849,False,131664.60301734653,5862.022630144286,False,124112.90501603334,8189.60809299442,False,1.2469140567799335,128.08307984532155,90520.11445213995,1251.589258543699,1.0,0.9980117392005444,False,54988.64453125,1307.044921875,False,57033.595947265625,1849.2846539798336,False,57368.141845703125,3785.445185405408,False,False,0.5763553956738942,59.20325764393074,False,False
VIDEO J022631.54-042035.31,36.6315007244,-4.34314385836,2026010500060,-1,z,20260105,z_20,0.1830122885831529,36.63150879952541,-4.343194053391089,746295724502680915,0,3357.2927365386254,3114.041371004445,0.023558805,0.024178093,36.63150879952541,-4.343194053391089,1.3432319e-06,1.3093487e-06,97135.99827336911,1439.52877486104,95927.90435207624,885.5502322942214,False,99812.87788858538,1157.9762075790677,False,103088.98297397328,1626.678952684074,False,105292.33101867422,2370.811822728409,False,105471.16099617834,3306.020048186148,False,0.5387217436237965,51.68369824130896,75800.61136327873,548.7404574475506,1.0,0.9390875701483176,False,118709.6484375,1377.20654296875,False,122605.9921875,1934.645014537652,False,125439.16884279253,3931.922272450436,False,False,0.6407136047374845,61.46855774486455,False,False
VIDEO J022631.54-042035.31,36.6315007244,-4.34314385836,2026010500061,-1,z,20260105,z_20,0.1950038022927818,36.63150664561519,-4.343197703345704,746295724655772579,0,3260.5708912963337,2098.4400994678285,0.020541139,0.020309389,36.63150664561519,-4.343197703345704,1.1268094e-06,1.1399618e-06,98422.46155221984,1402.7801898515395,97699.48400944144,865.9330000012719,False,100172.41969076336,1131.222562316987,False,103305.91205698231,1591.9548035257446,False,104838.1481909054,2321.3832243118677,False,104831.48219650872,3232.755693591555,False,0.470029335419427,51.64554389293941,76997.88493300178,540.277252978266,1.0,0.982180138830256,False,119726.21875,1352.038818359375,False,123471.37329101562,1902.706649549079,False,125294.73689556122,3863.7942113315935,False,False,0.5617797314377182,61.72682765053481,False,False
VIDEO J022631.54-042035.31,36.6315007244,-4.34314385836,2026010600045,-1,g,20260106,g_6,0.1820483889526971,36.63151646647244,-4.343191929472125,746300120548508114,0,869.8363183935252,2664.4785341292363,0.2224557,0.22191232,36.63151646647244,-4.343191929472125,1.2340471e-05,1.2343094e-05,7695.697913293819,915.4453177895476,7510.897171512598,545.3188401568742,False,8063.544129290855,727.2198445039367,False,8390.304761470688,1037.4615414198531,False,9995.44981027782,1522.7277697026916,False,9558.979322782749,2132.2726489652105,False,0.2989204277322591,33.57523807937242,6834.226401363787,335.4181866392046,1.0,0.6145737659834491,False,16113.5380859375,1453.2176513671875,False,16766.51025390625,2073.179707622486,False,19101.8955078125,4260.962175911772,False,False,0.5973385424198185,67.09405552468476,False,False
VIDEO J022631.54-042035.31,36.6315007244,-4.34314385836,2026010600052,-1,i,20260106,i_39,0.1932709128972317,36.63154604969297,-4.343172834651528,746300121447663331,746300121447661759,3242.7005941716147,596.9263784348567,0.0738037,0.043918446,36.63154604969297,-4.343172834651528,4.0590626e-06,2.5079821e-06,65799.65745084391,1114.3255208612595,63198.87092871592,678.7592942393371,False,65258.0617180761,891.4755464833856,False,65483.70144872634,1257.2730788637389,False,65527.72876337713,1834.011532057488,False,65126.45786785686,2560.528741344507,False,-0.0954372018583967,40.42420427617456,50802.268329437655,420.13017681098495,1.0,0.963007788844187,False,108577.2421875,1483.2490234375,False,108952.66461098194,2091.8678855243897,False,108358.27792865038,4260.2422131089525,False,False,-0.1587897021006091,67.25833563511144,False,False
